nodedef>name VARCHAR,label VARCHAR,isSeed VARCHAR,seedRank INT,publishedAt INT,channelTitle VARCHAR,channelId VARCHAR,videoCategoryLabel VARCHAR,viewCount INT,likeCount INT,dislikeCount INT,dislikeLikeRatio FLOAT,favoriteCount INT,commentCount INT
rYxt0BeTrT8,In full: Climate activist Greta Thunberg rebukes world leaders | A New Climate,yes,1,1569314959,Sky News,UCoMdktPbSTixAyNGwb-UYkQ,News & Politics,3543309,39476,73254,1.8556591346641,0,29369,
mamMP6g2uzw,Greta Thunberg tells world leaders  You haven t seen the last of us ,yes,2,1579274304,Global News,UChLtXXpo4Ge1ReTEboVvTDg,News & Politics,28099,358,691,1.9301675977654,0,740,
KoC_1rOAFX0,Beyond Greta Thunberg: The uprising of youth climate activists,yes,3,1579280250,Washington Post,UCHd62-u_v4DvJ8TCFtpi4GA,News & Politics,27515,498,1178,2.3654618473896,0,1194,
rsNskDfd5CM,Greta Thunberg on Whether She’d Meet with the President,yes,4,1572699610,TheEllenShow,UCp0hYYBW6IMayGgR-WeoCvQ,Entertainment,7860987,225812,42717,0.18917063752148,0,,
11FCyUB81rI,Greta Thunberg’s speech at UN climate change conference,yes,5,1576062386,Channel 4 News,UCTrQ7HXWRRxr7OsOtodr2_w,News & Politics,385149,6488,4781,0.73689889025894,0,6157,
KAJsdgTPJpU,WATCH: Greta Thunberg s full speech to world leaders at UN Climate Action Summit,yes,6,1569257070,PBS NewsHour,UC6ZFN9Tx6xh-skXCuRHCDpQ,News & Politics,3195361,52865,31382,0.59362527191904,0,,
o3FAE4e7Pok,Greta Thunberg to World Leaders:  How Dare You! ,yes,7,1569326998,Bloomberg Markets and Finance,UCIALMKvObZNtJ6AmdCLP7Lg,News & Politics,627769,8277,14138,1.7081068019814,0,13468,
wcorTk1ejew,Greta Thunberg à Lausanne pour une marche sur le climat,yes,8,1579272754,euronews (en français),UCW2QcKZiU8aUGg4yxCIditg,News & Politics,3270,48,28,0.58333333333333,0,14,
6SxEnQsllyM,Greta Thunberg joins a climate march rally in Switzerland | LIVE,yes,9,1579255946,euronews (in English),UCSrZ3UV4jOidv8ppoVuvW9Q,News & Politics,4671,114,135,1.1842105263158,0,118,
rhQVustYV24,Greta Thunberg - Inspiring Others to Take a Stand Against Climate Change | The Daily Show,yes,10,1568466019,The Daily Show with Trevor Noah,UCwWhs_6x42TyRM4Wstoq8HA,Comedy,4467984,119225,15939,0.13368840427763,0,27765,
xVlRompc1yE,Emotional Greta Thunberg attacks world leaders:  How dare you? ,yes,11,1569269141,The Telegraph,UCPgLNge0xqQHWM5B5EFH9Cg,News & Politics,1453706,13896,29488,2.1220495106505,0,0,
TMrtLsQbaok,Greta Thunberg to world leaders:  How dare you? You have stolen my dreams and my childhood ,yes,12,1569252171,Guardian News,UCIRYBXDze5krPDzAEOxFGVA,News & Politics,4787928,62041,42690,0.68809335761835,0,27757,
h3SmqCcNbU8,Greta Thunberg blasts world leaders:  We will never forgive you ,yes,13,1569259884,CBC News,UCuFFtHWoLl5fauMMD5Ww2jA,News & Politics,140070,2669,2825,1.0584488572499,0,,
VFkQSGyeCWg,Greta Thunberg full speech at UN Climate Change COP24 Conference,yes,14,1544911367,Connect4Climate,UCy_asJvBaYI9h4Ih0BDBtpw,Nonprofits & Activism,1610435,21538,3237,0.15029250626799,0,4766,
1CnyqLogH0Y,Vladimir Putin criticises Greta Thunberg s UN speech on climate change - BBC News,yes,15,1570182901,BBC News,UC16niRr50-MSBwiO3YDb3RA,News & Politics,1257186,48095,3279,0.068177565235471,0,8325,
u9KxE4Kv9A8,Greta Thunberg (Young Climate Activist) at the Climate Action Summit 2019 - Official Video,yes,16,1569253537,United Nations,UC5O114-PQNYkurlTg6hekZw,News & Politics,1081034,9372,9579,1.0220870678617,0,5553,
ahUjIG-vFV4,Greta Thunberg tells world leaders  how dare you  on climate inaction,yes,17,1569258000,euronews (in English),UCSrZ3UV4jOidv8ppoVuvW9Q,News & Politics,26801,206,395,1.9174757281553,0,281,
N94eP2jKQWw, How dare you : This is Greta Thunberg s passionate cry for climate action | ABC News,yes,18,1569296237,ABC News (Australia),UCVgO39Bk5sMo66-6o6Spn6Q,News & Politics,163440,3376,4539,1.344490521327,0,,
ujh2ZRMY8lc,REPLAY - Greta Thunberg delivers emotional speech at UN | AFP,yes,19,1569328645,AFP News Agency,UC86dbj-lbDks_hZ5gRKL49Q,News & Politics,29089,423,359,0.84869976359338,0,326,
-Q0xUXo2zEY,Greta Thunberg and George Monbiot make short film on the climate crisis,yes,20,1568887252,Guardian News,UCIRYBXDze5krPDzAEOxFGVA,News & Politics,804149,24948,2292,0.091871091871092,0,2802,
itAu7Uw0sn8,Explained: The rise of Greta Thunberg,yes,21,1568985621,Sky News,UCoMdktPbSTixAyNGwb-UYkQ,News & Politics,308650,3164,5404,1.7079646017699,0,2622,
FWsM9-_zrKo,Greta Thunberg s emotional speech to EU leaders,yes,22,1555433533,Guardian News,UCIRYBXDze5krPDzAEOxFGVA,News & Politics,826338,23162,4825,0.20831534409809,0,4148,
BQ4rBLCpEeM,Greta Thunberg on the  gift  of Asperger s in fighting climate change:  We need people who think …,yes,23,1568121703,CBS This Morning,UC-SJ6nODDmufqBzPBwCvYvQ,News & Politics,562657,7651,3247,0.42438896876225,0,4261,
DYqtXR8iPlE,Greta Thunberg blasts world leaders in emotional speech at U.N. climate summit:  How dare you ,yes,24,1569252628,Global News,UChLtXXpo4Ge1ReTEboVvTDg,News & Politics,797671,15257,5147,0.33735334600511,0,7319,
010z950X6mI,Greta Thunberg attends climate demo in Lausanne | AFP,yes,25,1579289591,AFP News Agency,UC86dbj-lbDks_hZ5gRKL49Q,News & Politics,616,12,13,1.0833333333333,0,6,
-S14SjemfAg,Nature Now,yes,26,1568902579,Conservation International,UCam5sCp6mzGBcn8ZBB2RBJg,Nonprofits & Activism,699078,19706,6588,0.33431442200345,0,5214,
uGlDSFrLX4A,Greta Thunberg urges all to join Friday s climate strike:  See you on the street! ,yes,27,1568695912,Guardian News,UCIRYBXDze5krPDzAEOxFGVA,News & Politics,143370,1853,2536,1.3685914732866,0,2213,
EAmmUIEsN9A,School strike for climate - save the world by changing the rules | Greta Thunberg | TEDxStockholm,yes,28,1544639959,TEDx Talks,UCsT0YIqwnpJCM-mx7-gSA4Q,Nonprofits & Activism,2373135,91506,8806,0.096234126723931,0,8871,
uRgJ-22S_Rs,Greta Thunberg Is Leading a Global Climate Movement,yes,29,1555333214,Great Big Story,UCajXeitgFL-rb5-gXI-aG8Q,People & Blogs,570311,30646,4355,0.14210663708151,0,6420,
zKTQW5i9_p8,Greta Thunberg: the speeches that helped spark a climate movement,yes,30,1569577450,Guardian News,UCIRYBXDze5krPDzAEOxFGVA,News & Politics,222885,3058,2744,0.8973185088293,0,2040,
AY_S7n3jkkU,Teen activist Greta Thunberg delivers emotional speech at UN,yes,31,1569320188,South China Morning Post,UC4SUWizzKc1tptprBkWjX2Q,News & Politics,692904,8962,10199,1.1380272260656,0,5826,
KWx44kga7gg,Young boy shields Greta Thunberg from photographers on Capitol Hill,yes,32,1568785501,Guardian News,UCIRYBXDze5krPDzAEOxFGVA,News & Politics,343963,2066,1388,0.67182962245886,0,1582,
43q15ncwzWo,Climate activist Greta Thunberg lashes out at world leaders l ABC News,yes,33,1569337156,ABC News,UCBi2mrWuNuyYy4gbM6fU18Q,News & Politics,684683,4668,9142,1.958440445587,0,11030,
H2QxFM9y0tY,The disarming case to act right now on climate change | Greta Thunberg,yes,34,1550072614,TED,UCAuUUnT6oDeKwE6v1NGQxug,Science & Technology,1731233,51044,8396,0.16448554188543,0,10445,
nOnLTGiA3H4,Greta Thunberg Responds To Meat Loaf Calling Her ‘Brainwashed’,yes,35,1578351192,ET Canada,UCKY5PiEq8Tl9r7f3qittXng,Entertainment,60535,372,263,0.70698924731183,0,844,
F7xCSTV0muE, We will make them hear us : Greta Thunberg s speech to New York climate strike,yes,36,1569070536,Guardian News,UCIRYBXDze5krPDzAEOxFGVA,News & Politics,276354,5113,3059,0.5982788969294,0,3636,
2ToRUiTHy5o,Teen activist Greta Thunberg urges US lawmakers to ‘listen to the scientists’ l ABC News,yes,37,1568835116,ABC News,UCBi2mrWuNuyYy4gbM6fU18Q,News & Politics,117913,1910,1251,0.65497382198953,0,2850,
icKlNgLuqzU,Greta Thunberg testifies to Congress over climate crisis – watch live,yes,38,1568825905,Guardian News,UCIRYBXDze5krPDzAEOxFGVA,News & Politics,260257,3232,1671,0.51701732673267,0,,
4mD2brweSpQ,Greta Thunberg Says Almost Nothing Is Being Done About Climate Change,yes,39,1576077419,Bloomberg Markets and Finance,UCIALMKvObZNtJ6AmdCLP7Lg,News & Politics,101745,1576,3214,2.0393401015228,0,4030,
ZP_QOcrFunY,Greta Thunberg joins climate protest in Switzerland | AFP,yes,40,1579258533,AFP News Agency,UC86dbj-lbDks_hZ5gRKL49Q,News & Politics,930,17,17,1,0,10,
zmXOPrCr_F4,Greta Thunberg stares down Donald Trump as he arrives for UN climate summit,yes,41,1569262827,Guardian News,UCIRYBXDze5krPDzAEOxFGVA,News & Politics,1973473,10010,4826,0.48211788211788,0,6141,
s_WTAa6lV9c,Greta Thunberg joins Lausanne climate march ahead of Davos,yes,42,1579287309,The Straits Times,UC4p_I9eiRewn2KoU-nawrDg,News & Politics,671,12,12,1,0,9,
f_v92wMFWJE,Greta Thunberg sees her Asperger s syndrome as a superpower in her climate fight,yes,43,1569688858,CBC News: The National,UCKjU3KzdbJE1EFcHVqXC3_g,News & Politics,241711,2217,4789,2.1601262967975,0,,
Eo_-mxvGnq8,Greta Thunberg full speech at UN Climate Change COP25 - Climate Emergency Event,yes,44,1576625835,Connect4Climate,UCy_asJvBaYI9h4Ih0BDBtpw,Nonprofits & Activism,2350,65,10,0.15384615384615,0,27,
SnA2BTk67BQ, She s happy : Greta Thunberg s father says climate activism helped her beat depression,yes,45,1577701409,Guardian News,UCIRYBXDze5krPDzAEOxFGVA,News & Politics,40604,349,467,1.3381088825215,0,562,
ULWX9bmO_dE,Greta Thunberg à une marche pour le climat en Suisse | AFP Images,yes,46,1579259823,AFP,UCckz6n8QccTd6K_xdwKqa0A,News & Politics,356,8,2,0.25,0,1,
57RQcPOFIio,Why fans are calling the 13th Doctor the  Space Greta Thunberg  - BBC,yes,47,1578916804,BBC,UCCj956IF62FbT7Gouszaj9w,Entertainment,39588,566,786,1.3886925795053,0,610,
CMOEcUPGi9c,David Attenborough and Greta Thunberg s plea for the planet,yes,48,1568900858,World Economic Forum,UCw-kH-Od73XDAt7qtH9uBYA,News & Politics,318751,22559,1374,0.060906955095527,0,4118,
QzaQz5yYJHs,A Fox News guest called Greta Thunberg  mentally ill.  The network just apologized.,yes,49,1569313704,Washington Post,UCHd62-u_v4DvJ8TCFtpi4GA,News & Politics,629299,5601,8688,1.551151580075,0,11773,
i4hXzw2OnnE,Did President Trump Mock Teen Activist Greta Thunberg?,yes,50,1569364202,Inside Edition,UC9k-yiEpRHMNVOnOi_aQK8w,News & Politics,1545877,33672,2825,0.083897600380138,0,10645,
2-JJhjIoBKI,16-year-old climate activist Greta Thunberg says meeting with Trump would be a  waste ,yes,51,1565699329,CBS This Morning,UC-SJ6nODDmufqBzPBwCvYvQ,News & Politics,181892,2500,1456,0.5824,0,2446,
8RGbAMS2gGg, We re a team : Greta Thunberg visits Barack Obama,yes,52,1568799209,Guardian News,UCIRYBXDze5krPDzAEOxFGVA,News & Politics,350015,6487,1665,0.25666718051488,0,2098,
n0bqG1GzlHU,Greta Thunberg delivers speech at Montreal climate change rally,yes,53,1569615396,CBC News,UCuFFtHWoLl5fauMMD5Ww2jA,News & Politics,251170,5134,3178,0.61901051811453,0,,
M0a73sP00z4,Former President Obama Meets Climate Activist Greta Thunberg,yes,54,1568842958,VOA News,UCVSNOxehfALut52NbkfRBaA,News & Politics,126657,1670,1397,0.83652694610778,0,1713,
U72xkMz6Pxk,Greta Thunberg: Our House Is On Fire | Forum Insight,yes,55,1568998046,World Economic Forum,UCw-kH-Od73XDAt7qtH9uBYA,News & Politics,71452,2108,473,0.22438330170778,0,1322,
-pP7M20iNsc, You have woken up the world  David Attenborough tells Greta Thunberg during chat on climate,yes,56,1577716202,Global News,UChLtXXpo4Ge1ReTEboVvTDg,News & Politics,25692,443,509,1.1489841986456,0,544,
Vm4_CQb8-L0,LIVE: Pressekonferenz Greta Thunberg auf der COP25 in Madrid,yes,57,1575888527,phoenix,UCwyiPnNlT8UABRmGmU0T9jg,News & Politics,23501,,,,0,,
2-g2wC3-tak,Sadhguru Speaks About Greta Thunberg & Climate Activism,yes,58,1571151010,Sadhguru,UCcYzLCs3zrQIBVHYA1sK2sw,Howto & Style,305902,12690,432,0.034042553191489,0,876,
UgHNg-N-ENI,Piers Reacts to Greta Thunberg s UN Climate Summit Speech | Good Morning Britain,yes,59,1569330579,Good Morning Britain,UCq18eeL7D9Vd8DhjMcLh9QQ,Entertainment,771678,7461,7164,0.96019300361882,0,,
9n_St7PbGkg,Teen Activist Greta Thunberg Leads Global Climate Protest | NBC Nightly News,yes,60,1569033279,NBC News,UCeY0bbntWzzVIaj2z3QigXg,News & Politics,72949,774,619,0.79974160206718,0,1114,
kwNWt-iaXx0,Greta Thunberg speaks at Edmonton climate action rally,yes,61,1571427676,CBC News,UCuFFtHWoLl5fauMMD5Ww2jA,News & Politics,103636,1665,2860,1.7177177177177,0,2712,
wpaw-l1Q3_E,Greta Thunberg s tearful address to the UN | A New Climate,yes,62,1569271807,Sky News,UCoMdktPbSTixAyNGwb-UYkQ,News & Politics,135497,1198,2518,2.10183639399,0,1567,
JT73puKg8cc,Climate activist Greta Thunberg on the power of a movement,yes,63,1568416621,PBS NewsHour,UC6ZFN9Tx6xh-skXCuRHCDpQ,News & Politics,156986,3272,774,0.23655256723716,0,,
iv0Bb7KFe5o, Vous n avez encore rien vu  lance Greta Thunberg aux dirigeants mondiaux de Davos,yes,64,1579292874,LeHuffPost,UC9GGzAhhvhJO1hL10-BcgNA,News & Politics,17687,221,49,0.22171945701357,0,218,
POHRxmKdA_A,Greta Thunberg says she s taking a break,yes,65,1576334990,CNN,UCupvZG-5ko_eiXAupbDfxWw,News & Politics,271496,3293,3370,1.0233829334953,0,9074,
1wtHeW85Pfg,The Year 2019: Greta Thunberg  the ‘Squad’ and other young newsmakers | ABC News,yes,66,1577813400,ABC News,UCBi2mrWuNuyYy4gbM6fU18Q,News & Politics,70215,585,906,1.5487179487179,0,1122,
qWEpTok6AJo,Watch Greta Thunberg’s Impassioned Speech: ‘Change Is Coming Whether You Like It Or Not’ | NBC News,yes,67,1569255314,NBC News,UCeY0bbntWzzVIaj2z3QigXg,News & Politics,306444,6025,5265,0.87385892116183,0,6699,
8Q6OuvySSOc,SNL spotlights  magic  of electoral college  Greta Thunberg,yes,68,1576435030,Washington Post,UCHd62-u_v4DvJ8TCFtpi4GA,Entertainment,246292,1512,575,0.38029100529101,0,644,
M7dVF9xylaw,Greta Thunberg: Our House Is On Fire! | World Economic Forum 2019,yes,69,1548412232,World Economic Forum,UCw-kH-Od73XDAt7qtH9uBYA,News & Politics,191432,3473,540,0.15548517132162,0,,
RjsLm5PCdVQ, I want you to panic : 16-year-old issues climate warning at Davos,yes,70,1548430243,Guardian News,UCIRYBXDze5krPDzAEOxFGVA,News & Politics,404536,5791,1588,0.27421861509238,0,2118,
r4_SS3cOJrw,Greta Thunberg denounces world leaders   creative PR  in climate flight at UN summit,yes,71,1576071157,Global News,UChLtXXpo4Ge1ReTEboVvTDg,News & Politics,94718,1696,1192,0.70283018867925,0,1836,
iFvsrttZGXU,Live | Teenage activist Greta Thunberg gives speech at UN Youth Climate Summit,yes,72,1569076606,euronews (in English),UCSrZ3UV4jOidv8ppoVuvW9Q,News & Politics,62365,644,345,0.53571428571429,0,375,
14w8WC1I3S4,Greta Thunberg urges MEPs to ‘panic like the house is on fire’,yes,73,1555423104,EURACTIV,UCDCgvwyjJqZWYs6j0D2FF6g,News & Politics,651941,11694,3124,0.26714554472379,0,5306,
Pw8cQbo1Ilk,Greta Thunberg speaks as she sets sail for U.S. climate summit,yes,74,1565808864,Channel 4 News,UCTrQ7HXWRRxr7OsOtodr2_w,News & Politics,136711,1888,1348,0.71398305084746,0,3026,
1kD1zubg3cA,Greta Thunberg sings Swedish Death Metal,yes,75,1569526620,FridaysForFuture,UC-3DidyGMSVXOtAQuxOQn2w,People & Blogs,1448976,38551,1210,0.0313869938523,0,3953,
rIDHrBpevrA,Activist Greta Thunberg on how to make sure the word does not  give up  the climate fight,yes,76,1568405322,Washington Post,UCHd62-u_v4DvJ8TCFtpi4GA,News & Politics,118512,2341,1933,0.82571550619393,0,3109,
M1o3NCPKZ4U, How Dare You? : 16-Year-Old Greta Thunberg Thunders At UN Climate Summit,yes,77,1569257882,NDTV,UCZFMm1mMw0F81Z37aaEzTUA,Nonprofits & Activism,173504,3392,1343,0.39593160377358,0,1370,
RSBZMYxYyFU,Greta Thunberg speaks ahead of climate march in Madrid as COP25 summit continues,yes,78,1575649088,Global News,UChLtXXpo4Ge1ReTEboVvTDg,News & Politics,31009,326,415,1.2730061349693,0,554,
UJ3Hi8a-0FQ,Greta Thunberg: ‘There’s no more time to wait’ | British GQ,yes,79,1565593204,British GQ,UCUM0EMVw0nyynzUvwzO4vxQ,Entertainment,50528,874,1406,1.6086956521739,0,980,
8meLjb6XIsE,Greta Thunberg joins hundreds of teenagers in climate protest in New York,yes,80,1567189316,Guardian News,UCIRYBXDze5krPDzAEOxFGVA,News & Politics,116856,1233,1948,1.5798864557989,0,2295,
tE84D99ZsUM,Greta Thunberg reaches NYC after sailing across the Atlantic,yes,81,1567042216,CBS News,UC8p1vwvWtl6T73JiExfWs1g,News & Politics,115707,1495,1609,1.076254180602,0,2005,
QALmsrs2tks,Teen climate activist Greta Thunberg testifies to U.S. congress,yes,82,1568821586,Global News,UChLtXXpo4Ge1ReTEboVvTDg,News & Politics,28778,324,256,0.79012345679012,0,436,
e928xTEVmks,Greta Thunberg gives press conference | LIVE,yes,83,1575886701,euronews (in English),UCSrZ3UV4jOidv8ppoVuvW9Q,News & Politics,23423,270,508,1.8814814814815,0,483,
6otj9QWBnfs,WATCH: Greta Thunberg and other young climate activists go before House subcommittee,yes,84,1568822124,PBS NewsHour,UC6ZFN9Tx6xh-skXCuRHCDpQ,News & Politics,16653,383,153,0.39947780678851,0,,
vznT5nVOZgw,Greta Thunberg To Congress:  I Want You To Listen To The Scientists  | NBC News,yes,85,1568825959,NBC News,UCeY0bbntWzzVIaj2z3QigXg,News & Politics,37465,578,234,0.40484429065744,0,556,
qtuvP8En0vU,Fatboy Slim samples Greta Thunberg’s speech to the UN during UK concert,yes,86,1570585891,Guardian News,UCIRYBXDze5krPDzAEOxFGVA,News & Politics,774187,10286,766,0.074470153606844,0,1044,
VDBJMqZ6lWI,Teen climate activist Greta Thunberg speaks at four school strikes in a week,yes,87,1551482796,Guardian News,UCIRYBXDze5krPDzAEOxFGVA,News & Politics,71393,545,155,0.28440366972477,0,189,
GcAUuDwvAyw,Everything Climate Activist Greta Thunberg Said Before Congress | NBC New York,yes,88,1568843689,NBC New York,UCxCfoSInadl-4i3F70zDt1A,News & Politics,162538,2769,574,0.20729505236547,0,1668,
PumW_ZBO_iw,President Trump Mocks Greta Thunberg On Twitter | TODAY,yes,89,1576252804,TODAY,UChDKyKQ59fYz3JO2fl0Z6sg,News & Politics,163022,1381,1610,1.1658218682114,0,2985,
Ae1mUb5EZn0,Greta Thunberg testifies on Climate Change before Congress,yes,90,1568818055,C-SPAN,UCb--64Gl51jIEVE-GLDAVTg,News & Politics,34562,387,542,1.4005167958656,0,687,
ZdyBpfYvxs4,Greta Thunberg delivers speech at Vancouver climate strike rally,yes,91,1572039688,CBC News,UCuFFtHWoLl5fauMMD5Ww2jA,News & Politics,55830,955,1170,1.2251308900524,0,1487,
bWvFcR7UtAI,Fatboy Slim Remixes Greta Thunberg Speech | NowThis,yes,92,1570737602,NowThis News,UCn4sPeUomNGIr26bElVdDYg,News & Politics,327620,6819,325,0.047660947352984,0,637,
jVyF1lliSLo,Greta Thunberg sails the Atlantic for Climate Action,yes,93,1568646409,The Global Goals,UCRfuAYy7MesZmgOi1Ezy0ng,Nonprofits & Activism,22819,239,143,0.59832635983264,0,158,
8x1MJLmkANk,Greta Thunberg hits back at Trump taunt,yes,94,1569387272,The Star Online,UCpWvshQVx1d7BqCsPnVuNIw,News & Politics,367865,2432,2691,1.1064967105263,0,2668,
ZyY8yarwI5g,Greta Thunberg  Anna Taylor and Caroline Lucas on the new climate movement | Guardian Live,yes,95,1556003178,Guardian Supporters,UCVD6kK-I5NodC1s-JMeuYPw,News & Politics,125435,2114,357,0.16887417218543,0,854,
7YrTjyBDzlU,Greta Thunberg and  Fridays for Future  – a growing student movement | DW Documentary,yes,96,1572980400,DW Documentary,UCW39zufHfsuGgpLviKh297Q,Education,22550,518,391,0.75482625482625,0,576,
HtM7ls1Y_BM,Greta Thunberg arrives in Lisbon before travelling to Madrid for #COP25 | LIVE,yes,97,1575381582,euronews (in English),UCSrZ3UV4jOidv8ppoVuvW9Q,News & Politics,30959,481,314,0.65280665280665,0,668,
hKMX8WRw3fc,Greta Thunberg full speech at Extinction Rebellion protest in London,yes,98,1555931417,Channel 4 News,UCTrQ7HXWRRxr7OsOtodr2_w,News & Politics,58626,1175,502,0.42723404255319,0,1322,
DMbu9w4pDXE,Greta Thunberg Blasts World Leaders’ Inaction On Climate Change | NBC News,yes,99,1575423041,NBC News,UCeY0bbntWzzVIaj2z3QigXg,News & Politics,45788,468,973,2.0790598290598,0,1217,
FwY06xE24Es,Greta Thunberg tells MPs:  Our future was sold ,yes,100,1556047399,Guardian News,UCIRYBXDze5krPDzAEOxFGVA,News & Politics,198891,1952,347,0.17776639344262,0,730,
edgedef>node1 VARCHAR,node2 VARCHAR,directed BOOLEAN
rYxt0BeTrT8,rhQVustYV24,true
rYxt0BeTrT8,H2QxFM9y0tY,true
rYxt0BeTrT8,rsNskDfd5CM,true
rYxt0BeTrT8,EAmmUIEsN9A,true
rYxt0BeTrT8,14w8WC1I3S4,true
rYxt0BeTrT8,VFkQSGyeCWg,true
rYxt0BeTrT8,UgHNg-N-ENI,true
rYxt0BeTrT8,r4_SS3cOJrw,true
rYxt0BeTrT8,icKlNgLuqzU,true
rYxt0BeTrT8,CMOEcUPGi9c,true
rYxt0BeTrT8,uRgJ-22S_Rs,true
rYxt0BeTrT8,11FCyUB81rI,true
rYxt0BeTrT8,-Q0xUXo2zEY,true
rYxt0BeTrT8,vznT5nVOZgw,true
rYxt0BeTrT8,BQ4rBLCpEeM,true
rYxt0BeTrT8,Pw8cQbo1Ilk,true
rYxt0BeTrT8,2-JJhjIoBKI,true
rYxt0BeTrT8,PumW_ZBO_iw,true
rYxt0BeTrT8,KAJsdgTPJpU,true
rYxt0BeTrT8,8x1MJLmkANk,true
rYxt0BeTrT8,TMrtLsQbaok,true
rYxt0BeTrT8,43q15ncwzWo,true
rYxt0BeTrT8,QzaQz5yYJHs,true
rYxt0BeTrT8,-S14SjemfAg,true
mamMP6g2uzw,rhQVustYV24,true
mamMP6g2uzw,rsNskDfd5CM,true
mamMP6g2uzw,2-g2wC3-tak,true
mamMP6g2uzw,VFkQSGyeCWg,true
mamMP6g2uzw,H2QxFM9y0tY,true
mamMP6g2uzw,uRgJ-22S_Rs,true
mamMP6g2uzw,EAmmUIEsN9A,true
mamMP6g2uzw,nOnLTGiA3H4,true
mamMP6g2uzw,n0bqG1GzlHU,true
mamMP6g2uzw,-Q0xUXo2zEY,true
mamMP6g2uzw,UgHNg-N-ENI,true
mamMP6g2uzw,KAJsdgTPJpU,true
mamMP6g2uzw,CMOEcUPGi9c,true
mamMP6g2uzw,11FCyUB81rI,true
mamMP6g2uzw,2ToRUiTHy5o,true
mamMP6g2uzw,zKTQW5i9_p8,true
mamMP6g2uzw,BQ4rBLCpEeM,true
mamMP6g2uzw,8RGbAMS2gGg,true
mamMP6g2uzw,-pP7M20iNsc,true
mamMP6g2uzw,uGlDSFrLX4A,true
mamMP6g2uzw,ujh2ZRMY8lc,true
mamMP6g2uzw,57RQcPOFIio,true
mamMP6g2uzw,KWx44kga7gg,true
mamMP6g2uzw,TMrtLsQbaok,true
mamMP6g2uzw,-S14SjemfAg,true
mamMP6g2uzw,rYxt0BeTrT8,true
mamMP6g2uzw,KoC_1rOAFX0,true
mamMP6g2uzw,QzaQz5yYJHs,true
mamMP6g2uzw,SnA2BTk67BQ,true
mamMP6g2uzw,o3FAE4e7Pok,true
mamMP6g2uzw,4mD2brweSpQ,true
KoC_1rOAFX0,rhQVustYV24,true
KoC_1rOAFX0,H2QxFM9y0tY,true
KoC_1rOAFX0,rsNskDfd5CM,true
KoC_1rOAFX0,EAmmUIEsN9A,true
KoC_1rOAFX0,nOnLTGiA3H4,true
KoC_1rOAFX0,uRgJ-22S_Rs,true
KoC_1rOAFX0,VFkQSGyeCWg,true
KoC_1rOAFX0,-Q0xUXo2zEY,true
KoC_1rOAFX0,11FCyUB81rI,true
KoC_1rOAFX0,Pw8cQbo1Ilk,true
KoC_1rOAFX0,BQ4rBLCpEeM,true
KoC_1rOAFX0,14w8WC1I3S4,true
KoC_1rOAFX0,zKTQW5i9_p8,true
KoC_1rOAFX0,KAJsdgTPJpU,true
KoC_1rOAFX0,mamMP6g2uzw,true
KoC_1rOAFX0,KWx44kga7gg,true
KoC_1rOAFX0,57RQcPOFIio,true
KoC_1rOAFX0,uGlDSFrLX4A,true
KoC_1rOAFX0,-S14SjemfAg,true
KoC_1rOAFX0,TMrtLsQbaok,true
KoC_1rOAFX0,rYxt0BeTrT8,true
KoC_1rOAFX0,o3FAE4e7Pok,true
KoC_1rOAFX0,SnA2BTk67BQ,true
rsNskDfd5CM,rhQVustYV24,true
rsNskDfd5CM,H2QxFM9y0tY,true
rsNskDfd5CM,UgHNg-N-ENI,true
rsNskDfd5CM,14w8WC1I3S4,true
rsNskDfd5CM,BQ4rBLCpEeM,true
rsNskDfd5CM,KAJsdgTPJpU,true
rsNskDfd5CM,TMrtLsQbaok,true
11FCyUB81rI,rsNskDfd5CM,true
11FCyUB81rI,rhQVustYV24,true
11FCyUB81rI,H2QxFM9y0tY,true
11FCyUB81rI,VFkQSGyeCWg,true
11FCyUB81rI,UgHNg-N-ENI,true
11FCyUB81rI,-Q0xUXo2zEY,true
11FCyUB81rI,DYqtXR8iPlE,true
11FCyUB81rI,14w8WC1I3S4,true
11FCyUB81rI,EAmmUIEsN9A,true
11FCyUB81rI,uRgJ-22S_Rs,true
11FCyUB81rI,KAJsdgTPJpU,true
11FCyUB81rI,r4_SS3cOJrw,true
11FCyUB81rI,BQ4rBLCpEeM,true
11FCyUB81rI,zKTQW5i9_p8,true
11FCyUB81rI,2-JJhjIoBKI,true
11FCyUB81rI,RSBZMYxYyFU,true
11FCyUB81rI,PumW_ZBO_iw,true
11FCyUB81rI,TMrtLsQbaok,true
11FCyUB81rI,-S14SjemfAg,true
11FCyUB81rI,rYxt0BeTrT8,true
11FCyUB81rI,o3FAE4e7Pok,true
11FCyUB81rI,4mD2brweSpQ,true
KAJsdgTPJpU,rhQVustYV24,true
KAJsdgTPJpU,H2QxFM9y0tY,true
KAJsdgTPJpU,rsNskDfd5CM,true
KAJsdgTPJpU,icKlNgLuqzU,true
KAJsdgTPJpU,14w8WC1I3S4,true
KAJsdgTPJpU,iFvsrttZGXU,true
KAJsdgTPJpU,UgHNg-N-ENI,true
KAJsdgTPJpU,CMOEcUPGi9c,true
KAJsdgTPJpU,uRgJ-22S_Rs,true
KAJsdgTPJpU,VFkQSGyeCWg,true
KAJsdgTPJpU,-Q0xUXo2zEY,true
KAJsdgTPJpU,BQ4rBLCpEeM,true
KAJsdgTPJpU,8RGbAMS2gGg,true
KAJsdgTPJpU,ZdyBpfYvxs4,true
KAJsdgTPJpU,TMrtLsQbaok,true
KAJsdgTPJpU,M0a73sP00z4,true
KAJsdgTPJpU,-S14SjemfAg,true
o3FAE4e7Pok,rhQVustYV24,true
o3FAE4e7Pok,H2QxFM9y0tY,true
o3FAE4e7Pok,rsNskDfd5CM,true
o3FAE4e7Pok,EAmmUIEsN9A,true
o3FAE4e7Pok,UgHNg-N-ENI,true
o3FAE4e7Pok,14w8WC1I3S4,true
o3FAE4e7Pok,icKlNgLuqzU,true
o3FAE4e7Pok,uRgJ-22S_Rs,true
o3FAE4e7Pok,GcAUuDwvAyw,true
o3FAE4e7Pok,-Q0xUXo2zEY,true
o3FAE4e7Pok,iFvsrttZGXU,true
o3FAE4e7Pok,BQ4rBLCpEeM,true
o3FAE4e7Pok,2ToRUiTHy5o,true
o3FAE4e7Pok,DYqtXR8iPlE,true
o3FAE4e7Pok,KAJsdgTPJpU,true
o3FAE4e7Pok,8RGbAMS2gGg,true
o3FAE4e7Pok,U72xkMz6Pxk,true
o3FAE4e7Pok,43q15ncwzWo,true
o3FAE4e7Pok,QzaQz5yYJHs,true
o3FAE4e7Pok,uGlDSFrLX4A,true
o3FAE4e7Pok,N94eP2jKQWw,true
o3FAE4e7Pok,8x1MJLmkANk,true
o3FAE4e7Pok,TMrtLsQbaok,true
o3FAE4e7Pok,M0a73sP00z4,true
o3FAE4e7Pok,KWx44kga7gg,true
o3FAE4e7Pok,-S14SjemfAg,true
wcorTk1ejew,rsNskDfd5CM,true
wcorTk1ejew,rhQVustYV24,true
wcorTk1ejew,VFkQSGyeCWg,true
wcorTk1ejew,nOnLTGiA3H4,true
wcorTk1ejew,i4hXzw2OnnE,true
wcorTk1ejew,1CnyqLogH0Y,true
wcorTk1ejew,11FCyUB81rI,true
wcorTk1ejew,iv0Bb7KFe5o,true
wcorTk1ejew,8RGbAMS2gGg,true
wcorTk1ejew,mamMP6g2uzw,true
wcorTk1ejew,ULWX9bmO_dE,true
wcorTk1ejew,010z950X6mI,true
wcorTk1ejew,KWx44kga7gg,true
wcorTk1ejew,-S14SjemfAg,true
wcorTk1ejew,ZP_QOcrFunY,true
wcorTk1ejew,KoC_1rOAFX0,true
wcorTk1ejew,rYxt0BeTrT8,true
wcorTk1ejew,s_WTAa6lV9c,true
wcorTk1ejew,xVlRompc1yE,true
6SxEnQsllyM,rhQVustYV24,true
6SxEnQsllyM,HtM7ls1Y_BM,true
6SxEnQsllyM,H2QxFM9y0tY,true
6SxEnQsllyM,UgHNg-N-ENI,true
6SxEnQsllyM,rsNskDfd5CM,true
6SxEnQsllyM,uRgJ-22S_Rs,true
6SxEnQsllyM,VFkQSGyeCWg,true
6SxEnQsllyM,-Q0xUXo2zEY,true
6SxEnQsllyM,1CnyqLogH0Y,true
6SxEnQsllyM,nOnLTGiA3H4,true
6SxEnQsllyM,11FCyUB81rI,true
6SxEnQsllyM,FWsM9-_zrKo,true
6SxEnQsllyM,14w8WC1I3S4,true
6SxEnQsllyM,BQ4rBLCpEeM,true
6SxEnQsllyM,KAJsdgTPJpU,true
6SxEnQsllyM,iv0Bb7KFe5o,true
6SxEnQsllyM,h3SmqCcNbU8,true
6SxEnQsllyM,ULWX9bmO_dE,true
6SxEnQsllyM,itAu7Uw0sn8,true
6SxEnQsllyM,wcorTk1ejew,true
6SxEnQsllyM,57RQcPOFIio,true
6SxEnQsllyM,KWx44kga7gg,true
6SxEnQsllyM,TMrtLsQbaok,true
6SxEnQsllyM,uGlDSFrLX4A,true
6SxEnQsllyM,010z950X6mI,true
6SxEnQsllyM,-S14SjemfAg,true
6SxEnQsllyM,ZP_QOcrFunY,true
6SxEnQsllyM,s_WTAa6lV9c,true
6SxEnQsllyM,KoC_1rOAFX0,true
6SxEnQsllyM,rYxt0BeTrT8,true
6SxEnQsllyM,o3FAE4e7Pok,true
6SxEnQsllyM,SnA2BTk67BQ,true
6SxEnQsllyM,xVlRompc1yE,true
rhQVustYV24,rsNskDfd5CM,true
rhQVustYV24,H2QxFM9y0tY,true
rhQVustYV24,BQ4rBLCpEeM,true
rhQVustYV24,QALmsrs2tks,true
rhQVustYV24,ZyY8yarwI5g,true
rhQVustYV24,14w8WC1I3S4,true
rhQVustYV24,GcAUuDwvAyw,true
rhQVustYV24,2-JJhjIoBKI,true
rhQVustYV24,KAJsdgTPJpU,true
rhQVustYV24,uGlDSFrLX4A,true
rhQVustYV24,rIDHrBpevrA,true
rhQVustYV24,M0a73sP00z4,true
rhQVustYV24,kwNWt-iaXx0,true
xVlRompc1yE,rsNskDfd5CM,true
xVlRompc1yE,H2QxFM9y0tY,true
xVlRompc1yE,rhQVustYV24,true
xVlRompc1yE,VFkQSGyeCWg,true
xVlRompc1yE,i4hXzw2OnnE,true
xVlRompc1yE,1CnyqLogH0Y,true
xVlRompc1yE,UgHNg-N-ENI,true
xVlRompc1yE,GcAUuDwvAyw,true
xVlRompc1yE,DYqtXR8iPlE,true
xVlRompc1yE,14w8WC1I3S4,true
xVlRompc1yE,uRgJ-22S_Rs,true
xVlRompc1yE,EAmmUIEsN9A,true
xVlRompc1yE,KAJsdgTPJpU,true
xVlRompc1yE,qtuvP8En0vU,true
xVlRompc1yE,BQ4rBLCpEeM,true
xVlRompc1yE,8x1MJLmkANk,true
xVlRompc1yE,U72xkMz6Pxk,true
xVlRompc1yE,rYxt0BeTrT8,true
xVlRompc1yE,N94eP2jKQWw,true
xVlRompc1yE,qWEpTok6AJo,true
xVlRompc1yE,TMrtLsQbaok,true
xVlRompc1yE,itAu7Uw0sn8,true
xVlRompc1yE,QzaQz5yYJHs,true
xVlRompc1yE,-S14SjemfAg,true
xVlRompc1yE,o3FAE4e7Pok,true
TMrtLsQbaok,rhQVustYV24,true
TMrtLsQbaok,H2QxFM9y0tY,true
TMrtLsQbaok,rsNskDfd5CM,true
TMrtLsQbaok,icKlNgLuqzU,true
TMrtLsQbaok,VFkQSGyeCWg,true
TMrtLsQbaok,14w8WC1I3S4,true
TMrtLsQbaok,DYqtXR8iPlE,true
TMrtLsQbaok,uRgJ-22S_Rs,true
TMrtLsQbaok,UgHNg-N-ENI,true
TMrtLsQbaok,BQ4rBLCpEeM,true
TMrtLsQbaok,KAJsdgTPJpU,true
TMrtLsQbaok,GcAUuDwvAyw,true
TMrtLsQbaok,QALmsrs2tks,true
TMrtLsQbaok,Pw8cQbo1Ilk,true
TMrtLsQbaok,8RGbAMS2gGg,true
TMrtLsQbaok,43q15ncwzWo,true
TMrtLsQbaok,QzaQz5yYJHs,true
TMrtLsQbaok,-S14SjemfAg,true
h3SmqCcNbU8,rhQVustYV24,true
h3SmqCcNbU8,H2QxFM9y0tY,true
h3SmqCcNbU8,UgHNg-N-ENI,true
h3SmqCcNbU8,14w8WC1I3S4,true
h3SmqCcNbU8,rsNskDfd5CM,true
h3SmqCcNbU8,VFkQSGyeCWg,true
h3SmqCcNbU8,n0bqG1GzlHU,true
h3SmqCcNbU8,icKlNgLuqzU,true
h3SmqCcNbU8,FWsM9-_zrKo,true
h3SmqCcNbU8,EAmmUIEsN9A,true
h3SmqCcNbU8,1CnyqLogH0Y,true
h3SmqCcNbU8,BQ4rBLCpEeM,true
h3SmqCcNbU8,-Q0xUXo2zEY,true
h3SmqCcNbU8,CMOEcUPGi9c,true
h3SmqCcNbU8,11FCyUB81rI,true
h3SmqCcNbU8,vznT5nVOZgw,true
h3SmqCcNbU8,GcAUuDwvAyw,true
h3SmqCcNbU8,i4hXzw2OnnE,true
h3SmqCcNbU8,KAJsdgTPJpU,true
h3SmqCcNbU8,U72xkMz6Pxk,true
h3SmqCcNbU8,M1o3NCPKZ4U,true
h3SmqCcNbU8,F7xCSTV0muE,true
h3SmqCcNbU8,8x1MJLmkANk,true
h3SmqCcNbU8,qWEpTok6AJo,true
h3SmqCcNbU8,itAu7Uw0sn8,true
h3SmqCcNbU8,QzaQz5yYJHs,true
h3SmqCcNbU8,-S14SjemfAg,true
h3SmqCcNbU8,KWx44kga7gg,true
h3SmqCcNbU8,xVlRompc1yE,true
VFkQSGyeCWg,H2QxFM9y0tY,true
VFkQSGyeCWg,rhQVustYV24,true
VFkQSGyeCWg,EAmmUIEsN9A,true
VFkQSGyeCWg,14w8WC1I3S4,true
VFkQSGyeCWg,ZyY8yarwI5g,true
VFkQSGyeCWg,rsNskDfd5CM,true
VFkQSGyeCWg,M7dVF9xylaw,true
VFkQSGyeCWg,11FCyUB81rI,true
VFkQSGyeCWg,KAJsdgTPJpU,true
VFkQSGyeCWg,uRgJ-22S_Rs,true
VFkQSGyeCWg,r4_SS3cOJrw,true
VFkQSGyeCWg,RjsLm5PCdVQ,true
VFkQSGyeCWg,Pw8cQbo1Ilk,true
VFkQSGyeCWg,UgHNg-N-ENI,true
VFkQSGyeCWg,2-JJhjIoBKI,true
VFkQSGyeCWg,VDBJMqZ6lWI,true
VFkQSGyeCWg,BQ4rBLCpEeM,true
VFkQSGyeCWg,TMrtLsQbaok,true
VFkQSGyeCWg,rYxt0BeTrT8,true
VFkQSGyeCWg,kwNWt-iaXx0,true
1CnyqLogH0Y,rhQVustYV24,true
1CnyqLogH0Y,14w8WC1I3S4,true
1CnyqLogH0Y,UgHNg-N-ENI,true
1CnyqLogH0Y,H2QxFM9y0tY,true
1CnyqLogH0Y,rsNskDfd5CM,true
1CnyqLogH0Y,uRgJ-22S_Rs,true
1CnyqLogH0Y,EAmmUIEsN9A,true
1CnyqLogH0Y,BQ4rBLCpEeM,true
1CnyqLogH0Y,i4hXzw2OnnE,true
1CnyqLogH0Y,zKTQW5i9_p8,true
1CnyqLogH0Y,KAJsdgTPJpU,true
1CnyqLogH0Y,8x1MJLmkANk,true
1CnyqLogH0Y,TMrtLsQbaok,true
1CnyqLogH0Y,-S14SjemfAg,true
1CnyqLogH0Y,QzaQz5yYJHs,true
1CnyqLogH0Y,xVlRompc1yE,true
u9KxE4Kv9A8,rsNskDfd5CM,true
u9KxE4Kv9A8,rhQVustYV24,true
u9KxE4Kv9A8,H2QxFM9y0tY,true
u9KxE4Kv9A8,EAmmUIEsN9A,true
u9KxE4Kv9A8,ZyY8yarwI5g,true
u9KxE4Kv9A8,VFkQSGyeCWg,true
u9KxE4Kv9A8,14w8WC1I3S4,true
u9KxE4Kv9A8,UgHNg-N-ENI,true
u9KxE4Kv9A8,-Q0xUXo2zEY,true
u9KxE4Kv9A8,11FCyUB81rI,true
u9KxE4Kv9A8,BQ4rBLCpEeM,true
u9KxE4Kv9A8,8RGbAMS2gGg,true
u9KxE4Kv9A8,KAJsdgTPJpU,true
u9KxE4Kv9A8,kwNWt-iaXx0,true
u9KxE4Kv9A8,TMrtLsQbaok,true
u9KxE4Kv9A8,QzaQz5yYJHs,true
u9KxE4Kv9A8,-S14SjemfAg,true
u9KxE4Kv9A8,4mD2brweSpQ,true
ahUjIG-vFV4,rsNskDfd5CM,true
ahUjIG-vFV4,rhQVustYV24,true
ahUjIG-vFV4,H2QxFM9y0tY,true
ahUjIG-vFV4,UgHNg-N-ENI,true
ahUjIG-vFV4,8Q6OuvySSOc,true
ahUjIG-vFV4,DYqtXR8iPlE,true
ahUjIG-vFV4,14w8WC1I3S4,true
ahUjIG-vFV4,EAmmUIEsN9A,true
ahUjIG-vFV4,icKlNgLuqzU,true
ahUjIG-vFV4,iFvsrttZGXU,true
ahUjIG-vFV4,BQ4rBLCpEeM,true
ahUjIG-vFV4,CMOEcUPGi9c,true
ahUjIG-vFV4,r4_SS3cOJrw,true
ahUjIG-vFV4,M1o3NCPKZ4U,true
ahUjIG-vFV4,11FCyUB81rI,true
ahUjIG-vFV4,KAJsdgTPJpU,true
ahUjIG-vFV4,TMrtLsQbaok,true
ahUjIG-vFV4,8RGbAMS2gGg,true
ahUjIG-vFV4,PumW_ZBO_iw,true
ahUjIG-vFV4,qWEpTok6AJo,true
ahUjIG-vFV4,8x1MJLmkANk,true
ahUjIG-vFV4,kwNWt-iaXx0,true
ahUjIG-vFV4,N94eP2jKQWw,true
ahUjIG-vFV4,uGlDSFrLX4A,true
ahUjIG-vFV4,-S14SjemfAg,true
ahUjIG-vFV4,QzaQz5yYJHs,true
ahUjIG-vFV4,KWx44kga7gg,true
ahUjIG-vFV4,M0a73sP00z4,true
ahUjIG-vFV4,rYxt0BeTrT8,true
ahUjIG-vFV4,o3FAE4e7Pok,true
ahUjIG-vFV4,wpaw-l1Q3_E,true
N94eP2jKQWw,rhQVustYV24,true
N94eP2jKQWw,H2QxFM9y0tY,true
N94eP2jKQWw,rsNskDfd5CM,true
N94eP2jKQWw,EAmmUIEsN9A,true
N94eP2jKQWw,14w8WC1I3S4,true
N94eP2jKQWw,UgHNg-N-ENI,true
N94eP2jKQWw,-Q0xUXo2zEY,true
N94eP2jKQWw,11FCyUB81rI,true
N94eP2jKQWw,iFvsrttZGXU,true
N94eP2jKQWw,icKlNgLuqzU,true
N94eP2jKQWw,DYqtXR8iPlE,true
N94eP2jKQWw,VFkQSGyeCWg,true
N94eP2jKQWw,CMOEcUPGi9c,true
N94eP2jKQWw,GcAUuDwvAyw,true
N94eP2jKQWw,BQ4rBLCpEeM,true
N94eP2jKQWw,KAJsdgTPJpU,true
N94eP2jKQWw,zKTQW5i9_p8,true
N94eP2jKQWw,8RGbAMS2gGg,true
N94eP2jKQWw,U72xkMz6Pxk,true
N94eP2jKQWw,TMrtLsQbaok,true
N94eP2jKQWw,8x1MJLmkANk,true
N94eP2jKQWw,kwNWt-iaXx0,true
N94eP2jKQWw,43q15ncwzWo,true
N94eP2jKQWw,M0a73sP00z4,true
N94eP2jKQWw,KWx44kga7gg,true
N94eP2jKQWw,wpaw-l1Q3_E,true
N94eP2jKQWw,QzaQz5yYJHs,true
N94eP2jKQWw,-S14SjemfAg,true
N94eP2jKQWw,o3FAE4e7Pok,true
N94eP2jKQWw,4mD2brweSpQ,true
ujh2ZRMY8lc,rhQVustYV24,true
ujh2ZRMY8lc,14w8WC1I3S4,true
ujh2ZRMY8lc,icKlNgLuqzU,true
ujh2ZRMY8lc,H2QxFM9y0tY,true
ujh2ZRMY8lc,rsNskDfd5CM,true
ujh2ZRMY8lc,n0bqG1GzlHU,true
ujh2ZRMY8lc,UgHNg-N-ENI,true
ujh2ZRMY8lc,uRgJ-22S_Rs,true
ujh2ZRMY8lc,11FCyUB81rI,true
ujh2ZRMY8lc,VFkQSGyeCWg,true
ujh2ZRMY8lc,BQ4rBLCpEeM,true
ujh2ZRMY8lc,iFvsrttZGXU,true
ujh2ZRMY8lc,U72xkMz6Pxk,true
ujh2ZRMY8lc,EAmmUIEsN9A,true
ujh2ZRMY8lc,-Q0xUXo2zEY,true
ujh2ZRMY8lc,2ToRUiTHy5o,true
ujh2ZRMY8lc,r4_SS3cOJrw,true
ujh2ZRMY8lc,2-JJhjIoBKI,true
ujh2ZRMY8lc,KAJsdgTPJpU,true
ujh2ZRMY8lc,zKTQW5i9_p8,true
ujh2ZRMY8lc,8RGbAMS2gGg,true
ujh2ZRMY8lc,ZdyBpfYvxs4,true
ujh2ZRMY8lc,PumW_ZBO_iw,true
ujh2ZRMY8lc,43q15ncwzWo,true
ujh2ZRMY8lc,qWEpTok6AJo,true
ujh2ZRMY8lc,8x1MJLmkANk,true
ujh2ZRMY8lc,kwNWt-iaXx0,true
ujh2ZRMY8lc,TMrtLsQbaok,true
ujh2ZRMY8lc,M0a73sP00z4,true
ujh2ZRMY8lc,-S14SjemfAg,true
ujh2ZRMY8lc,KWx44kga7gg,true
ujh2ZRMY8lc,QzaQz5yYJHs,true
ujh2ZRMY8lc,4mD2brweSpQ,true
-Q0xUXo2zEY,H2QxFM9y0tY,true
-Q0xUXo2zEY,rhQVustYV24,true
-Q0xUXo2zEY,CMOEcUPGi9c,true
-Q0xUXo2zEY,GcAUuDwvAyw,true
-Q0xUXo2zEY,rsNskDfd5CM,true
-Q0xUXo2zEY,ZyY8yarwI5g,true
-Q0xUXo2zEY,uRgJ-22S_Rs,true
-Q0xUXo2zEY,14w8WC1I3S4,true
-Q0xUXo2zEY,VFkQSGyeCWg,true
-Q0xUXo2zEY,EAmmUIEsN9A,true
-Q0xUXo2zEY,iFvsrttZGXU,true
-Q0xUXo2zEY,BQ4rBLCpEeM,true
-Q0xUXo2zEY,KAJsdgTPJpU,true
-Q0xUXo2zEY,6otj9QWBnfs,true
-Q0xUXo2zEY,8RGbAMS2gGg,true
-Q0xUXo2zEY,icKlNgLuqzU,true
-Q0xUXo2zEY,vznT5nVOZgw,true
-Q0xUXo2zEY,2-JJhjIoBKI,true
-Q0xUXo2zEY,2ToRUiTHy5o,true
-Q0xUXo2zEY,TMrtLsQbaok,true
-Q0xUXo2zEY,rIDHrBpevrA,true
-Q0xUXo2zEY,uGlDSFrLX4A,true
-Q0xUXo2zEY,kwNWt-iaXx0,true
-Q0xUXo2zEY,M0a73sP00z4,true
-Q0xUXo2zEY,KWx44kga7gg,true
-Q0xUXo2zEY,rYxt0BeTrT8,true
itAu7Uw0sn8,rhQVustYV24,true
itAu7Uw0sn8,H2QxFM9y0tY,true
itAu7Uw0sn8,JT73puKg8cc,true
itAu7Uw0sn8,14w8WC1I3S4,true
itAu7Uw0sn8,rsNskDfd5CM,true
itAu7Uw0sn8,UgHNg-N-ENI,true
itAu7Uw0sn8,EAmmUIEsN9A,true
itAu7Uw0sn8,uRgJ-22S_Rs,true
itAu7Uw0sn8,FWsM9-_zrKo,true
itAu7Uw0sn8,i4hXzw2OnnE,true
itAu7Uw0sn8,CMOEcUPGi9c,true
itAu7Uw0sn8,BQ4rBLCpEeM,true
itAu7Uw0sn8,icKlNgLuqzU,true
itAu7Uw0sn8,1CnyqLogH0Y,true
itAu7Uw0sn8,GcAUuDwvAyw,true
itAu7Uw0sn8,U72xkMz6Pxk,true
itAu7Uw0sn8,2ToRUiTHy5o,true
itAu7Uw0sn8,9n_St7PbGkg,true
itAu7Uw0sn8,KAJsdgTPJpU,true
itAu7Uw0sn8,zKTQW5i9_p8,true
itAu7Uw0sn8,8RGbAMS2gGg,true
itAu7Uw0sn8,F7xCSTV0muE,true
itAu7Uw0sn8,qWEpTok6AJo,true
itAu7Uw0sn8,-S14SjemfAg,true
itAu7Uw0sn8,8x1MJLmkANk,true
itAu7Uw0sn8,QzaQz5yYJHs,true
itAu7Uw0sn8,TMrtLsQbaok,true
itAu7Uw0sn8,M0a73sP00z4,true
itAu7Uw0sn8,KWx44kga7gg,true
itAu7Uw0sn8,xVlRompc1yE,true
FWsM9-_zrKo,H2QxFM9y0tY,true
FWsM9-_zrKo,JT73puKg8cc,true
FWsM9-_zrKo,ZyY8yarwI5g,true
FWsM9-_zrKo,rhQVustYV24,true
FWsM9-_zrKo,UgHNg-N-ENI,true
FWsM9-_zrKo,rsNskDfd5CM,true
FWsM9-_zrKo,uRgJ-22S_Rs,true
FWsM9-_zrKo,EAmmUIEsN9A,true
FWsM9-_zrKo,14w8WC1I3S4,true
FWsM9-_zrKo,VFkQSGyeCWg,true
FWsM9-_zrKo,FwY06xE24Es,true
FWsM9-_zrKo,1CnyqLogH0Y,true
FWsM9-_zrKo,Pw8cQbo1Ilk,true
FWsM9-_zrKo,KAJsdgTPJpU,true
FWsM9-_zrKo,TMrtLsQbaok,true
BQ4rBLCpEeM,rhQVustYV24,true
BQ4rBLCpEeM,H2QxFM9y0tY,true
BQ4rBLCpEeM,14w8WC1I3S4,true
BQ4rBLCpEeM,ZyY8yarwI5g,true
BQ4rBLCpEeM,rsNskDfd5CM,true
BQ4rBLCpEeM,-Q0xUXo2zEY,true
BQ4rBLCpEeM,icKlNgLuqzU,true
BQ4rBLCpEeM,2-JJhjIoBKI,true
BQ4rBLCpEeM,CMOEcUPGi9c,true
BQ4rBLCpEeM,uRgJ-22S_Rs,true
BQ4rBLCpEeM,UgHNg-N-ENI,true
BQ4rBLCpEeM,EAmmUIEsN9A,true
BQ4rBLCpEeM,Pw8cQbo1Ilk,true
BQ4rBLCpEeM,VFkQSGyeCWg,true
BQ4rBLCpEeM,rIDHrBpevrA,true
BQ4rBLCpEeM,GcAUuDwvAyw,true
BQ4rBLCpEeM,8RGbAMS2gGg,true
BQ4rBLCpEeM,tE84D99ZsUM,true
BQ4rBLCpEeM,2ToRUiTHy5o,true
BQ4rBLCpEeM,KAJsdgTPJpU,true
BQ4rBLCpEeM,rYxt0BeTrT8,true
BQ4rBLCpEeM,qWEpTok6AJo,true
BQ4rBLCpEeM,KWx44kga7gg,true
BQ4rBLCpEeM,uGlDSFrLX4A,true
BQ4rBLCpEeM,TMrtLsQbaok,true
BQ4rBLCpEeM,kwNWt-iaXx0,true
BQ4rBLCpEeM,M0a73sP00z4,true
BQ4rBLCpEeM,QzaQz5yYJHs,true
BQ4rBLCpEeM,-S14SjemfAg,true
DYqtXR8iPlE,rhQVustYV24,true
DYqtXR8iPlE,H2QxFM9y0tY,true
DYqtXR8iPlE,rsNskDfd5CM,true
DYqtXR8iPlE,14w8WC1I3S4,true
DYqtXR8iPlE,EAmmUIEsN9A,true
DYqtXR8iPlE,icKlNgLuqzU,true
DYqtXR8iPlE,UgHNg-N-ENI,true
DYqtXR8iPlE,n0bqG1GzlHU,true
DYqtXR8iPlE,-Q0xUXo2zEY,true
DYqtXR8iPlE,iFvsrttZGXU,true
DYqtXR8iPlE,CMOEcUPGi9c,true
DYqtXR8iPlE,VFkQSGyeCWg,true
DYqtXR8iPlE,GcAUuDwvAyw,true
DYqtXR8iPlE,BQ4rBLCpEeM,true
DYqtXR8iPlE,r4_SS3cOJrw,true
DYqtXR8iPlE,8RGbAMS2gGg,true
DYqtXR8iPlE,KAJsdgTPJpU,true
DYqtXR8iPlE,43q15ncwzWo,true
DYqtXR8iPlE,TMrtLsQbaok,true
DYqtXR8iPlE,M0a73sP00z4,true
DYqtXR8iPlE,KWx44kga7gg,true
DYqtXR8iPlE,-S14SjemfAg,true
DYqtXR8iPlE,wpaw-l1Q3_E,true
010z950X6mI,rsNskDfd5CM,true
010z950X6mI,iFvsrttZGXU,true
010z950X6mI,EAmmUIEsN9A,true
010z950X6mI,UgHNg-N-ENI,true
010z950X6mI,-Q0xUXo2zEY,true
010z950X6mI,nOnLTGiA3H4,true
010z950X6mI,14w8WC1I3S4,true
010z950X6mI,VFkQSGyeCWg,true
010z950X6mI,uRgJ-22S_Rs,true
010z950X6mI,1CnyqLogH0Y,true
010z950X6mI,11FCyUB81rI,true
010z950X6mI,CMOEcUPGi9c,true
010z950X6mI,r4_SS3cOJrw,true
010z950X6mI,Pw8cQbo1Ilk,true
010z950X6mI,FWsM9-_zrKo,true
010z950X6mI,zKTQW5i9_p8,true
010z950X6mI,ULWX9bmO_dE,true
010z950X6mI,8RGbAMS2gGg,true
010z950X6mI,mamMP6g2uzw,true
010z950X6mI,KAJsdgTPJpU,true
010z950X6mI,itAu7Uw0sn8,true
010z950X6mI,wcorTk1ejew,true
010z950X6mI,ujh2ZRMY8lc,true
010z950X6mI,uGlDSFrLX4A,true
010z950X6mI,KWx44kga7gg,true
010z950X6mI,ZP_QOcrFunY,true
010z950X6mI,rYxt0BeTrT8,true
010z950X6mI,TMrtLsQbaok,true
010z950X6mI,-S14SjemfAg,true
010z950X6mI,s_WTAa6lV9c,true
010z950X6mI,SnA2BTk67BQ,true
010z950X6mI,o3FAE4e7Pok,true
010z950X6mI,KoC_1rOAFX0,true
010z950X6mI,xVlRompc1yE,true
-S14SjemfAg,H2QxFM9y0tY,true
-S14SjemfAg,rhQVustYV24,true
-S14SjemfAg,CMOEcUPGi9c,true
-S14SjemfAg,uRgJ-22S_Rs,true
-S14SjemfAg,EAmmUIEsN9A,true
-S14SjemfAg,-Q0xUXo2zEY,true
-S14SjemfAg,rsNskDfd5CM,true
-S14SjemfAg,14w8WC1I3S4,true
-S14SjemfAg,UgHNg-N-ENI,true
-S14SjemfAg,VFkQSGyeCWg,true
-S14SjemfAg,icKlNgLuqzU,true
-S14SjemfAg,2-JJhjIoBKI,true
-S14SjemfAg,GcAUuDwvAyw,true
-S14SjemfAg,BQ4rBLCpEeM,true
-S14SjemfAg,KAJsdgTPJpU,true
-S14SjemfAg,DYqtXR8iPlE,true
-S14SjemfAg,vznT5nVOZgw,true
-S14SjemfAg,8RGbAMS2gGg,true
-S14SjemfAg,2ToRUiTHy5o,true
-S14SjemfAg,43q15ncwzWo,true
-S14SjemfAg,KWx44kga7gg,true
-S14SjemfAg,uGlDSFrLX4A,true
-S14SjemfAg,TMrtLsQbaok,true
-S14SjemfAg,kwNWt-iaXx0,true
-S14SjemfAg,8x1MJLmkANk,true
-S14SjemfAg,M0a73sP00z4,true
-S14SjemfAg,QzaQz5yYJHs,true
uGlDSFrLX4A,H2QxFM9y0tY,true
uGlDSFrLX4A,rhQVustYV24,true
uGlDSFrLX4A,14w8WC1I3S4,true
uGlDSFrLX4A,BQ4rBLCpEeM,true
uGlDSFrLX4A,n0bqG1GzlHU,true
uGlDSFrLX4A,jVyF1lliSLo,true
uGlDSFrLX4A,EAmmUIEsN9A,true
uGlDSFrLX4A,uRgJ-22S_Rs,true
uGlDSFrLX4A,VFkQSGyeCWg,true
uGlDSFrLX4A,rsNskDfd5CM,true
uGlDSFrLX4A,ZyY8yarwI5g,true
uGlDSFrLX4A,U72xkMz6Pxk,true
uGlDSFrLX4A,VDBJMqZ6lWI,true
uGlDSFrLX4A,GcAUuDwvAyw,true
uGlDSFrLX4A,-Q0xUXo2zEY,true
uGlDSFrLX4A,2-JJhjIoBKI,true
uGlDSFrLX4A,icKlNgLuqzU,true
uGlDSFrLX4A,KAJsdgTPJpU,true
uGlDSFrLX4A,UgHNg-N-ENI,true
uGlDSFrLX4A,RjsLm5PCdVQ,true
uGlDSFrLX4A,CMOEcUPGi9c,true
uGlDSFrLX4A,vznT5nVOZgw,true
uGlDSFrLX4A,2ToRUiTHy5o,true
uGlDSFrLX4A,11FCyUB81rI,true
uGlDSFrLX4A,zKTQW5i9_p8,true
uGlDSFrLX4A,8RGbAMS2gGg,true
uGlDSFrLX4A,PumW_ZBO_iw,true
uGlDSFrLX4A,TMrtLsQbaok,true
uGlDSFrLX4A,rIDHrBpevrA,true
uGlDSFrLX4A,KWx44kga7gg,true
uGlDSFrLX4A,8x1MJLmkANk,true
uGlDSFrLX4A,-S14SjemfAg,true
uGlDSFrLX4A,M0a73sP00z4,true
uGlDSFrLX4A,QzaQz5yYJHs,true
uGlDSFrLX4A,rYxt0BeTrT8,true
uRgJ-22S_Rs,H2QxFM9y0tY,true
uRgJ-22S_Rs,rhQVustYV24,true
uRgJ-22S_Rs,ZyY8yarwI5g,true
uRgJ-22S_Rs,rsNskDfd5CM,true
uRgJ-22S_Rs,Pw8cQbo1Ilk,true
uRgJ-22S_Rs,EAmmUIEsN9A,true
uRgJ-22S_Rs,UgHNg-N-ENI,true
uRgJ-22S_Rs,14w8WC1I3S4,true
uRgJ-22S_Rs,RjsLm5PCdVQ,true
uRgJ-22S_Rs,2-JJhjIoBKI,true
uRgJ-22S_Rs,BQ4rBLCpEeM,true
zKTQW5i9_p8,ZyY8yarwI5g,true
zKTQW5i9_p8,H2QxFM9y0tY,true
zKTQW5i9_p8,rhQVustYV24,true
zKTQW5i9_p8,uRgJ-22S_Rs,true
zKTQW5i9_p8,14w8WC1I3S4,true
zKTQW5i9_p8,-Q0xUXo2zEY,true
zKTQW5i9_p8,tE84D99ZsUM,true
zKTQW5i9_p8,rsNskDfd5CM,true
zKTQW5i9_p8,UgHNg-N-ENI,true
zKTQW5i9_p8,icKlNgLuqzU,true
zKTQW5i9_p8,VFkQSGyeCWg,true
zKTQW5i9_p8,n0bqG1GzlHU,true
zKTQW5i9_p8,CMOEcUPGi9c,true
zKTQW5i9_p8,qtuvP8En0vU,true
zKTQW5i9_p8,BQ4rBLCpEeM,true
zKTQW5i9_p8,EAmmUIEsN9A,true
zKTQW5i9_p8,11FCyUB81rI,true
zKTQW5i9_p8,KAJsdgTPJpU,true
zKTQW5i9_p8,2-JJhjIoBKI,true
zKTQW5i9_p8,8RGbAMS2gGg,true
zKTQW5i9_p8,M1o3NCPKZ4U,true
zKTQW5i9_p8,ZdyBpfYvxs4,true
zKTQW5i9_p8,-S14SjemfAg,true
zKTQW5i9_p8,TMrtLsQbaok,true
zKTQW5i9_p8,uGlDSFrLX4A,true
zKTQW5i9_p8,KWx44kga7gg,true
zKTQW5i9_p8,8x1MJLmkANk,true
zKTQW5i9_p8,QzaQz5yYJHs,true
zKTQW5i9_p8,M0a73sP00z4,true
zKTQW5i9_p8,43q15ncwzWo,true
zKTQW5i9_p8,kwNWt-iaXx0,true
zKTQW5i9_p8,rYxt0BeTrT8,true
AY_S7n3jkkU,14w8WC1I3S4,true
AY_S7n3jkkU,rhQVustYV24,true
AY_S7n3jkkU,H2QxFM9y0tY,true
AY_S7n3jkkU,rsNskDfd5CM,true
AY_S7n3jkkU,VFkQSGyeCWg,true
AY_S7n3jkkU,EAmmUIEsN9A,true
AY_S7n3jkkU,-Q0xUXo2zEY,true
AY_S7n3jkkU,iFvsrttZGXU,true
AY_S7n3jkkU,icKlNgLuqzU,true
AY_S7n3jkkU,uRgJ-22S_Rs,true
AY_S7n3jkkU,UgHNg-N-ENI,true
AY_S7n3jkkU,n0bqG1GzlHU,true
AY_S7n3jkkU,DYqtXR8iPlE,true
AY_S7n3jkkU,KAJsdgTPJpU,true
AY_S7n3jkkU,BQ4rBLCpEeM,true
AY_S7n3jkkU,U72xkMz6Pxk,true
AY_S7n3jkkU,zKTQW5i9_p8,true
AY_S7n3jkkU,ZdyBpfYvxs4,true
AY_S7n3jkkU,8RGbAMS2gGg,true
AY_S7n3jkkU,8x1MJLmkANk,true
AY_S7n3jkkU,ujh2ZRMY8lc,true
AY_S7n3jkkU,TMrtLsQbaok,true
AY_S7n3jkkU,N94eP2jKQWw,true
AY_S7n3jkkU,M0a73sP00z4,true
AY_S7n3jkkU,43q15ncwzWo,true
AY_S7n3jkkU,QzaQz5yYJHs,true
AY_S7n3jkkU,KWx44kga7gg,true
AY_S7n3jkkU,-S14SjemfAg,true
AY_S7n3jkkU,rYxt0BeTrT8,true
KWx44kga7gg,rhQVustYV24,true
KWx44kga7gg,14w8WC1I3S4,true
KWx44kga7gg,H2QxFM9y0tY,true
KWx44kga7gg,uRgJ-22S_Rs,true
KWx44kga7gg,jVyF1lliSLo,true
KWx44kga7gg,rsNskDfd5CM,true
KWx44kga7gg,EAmmUIEsN9A,true
KWx44kga7gg,icKlNgLuqzU,true
KWx44kga7gg,BQ4rBLCpEeM,true
KWx44kga7gg,CMOEcUPGi9c,true
KWx44kga7gg,VFkQSGyeCWg,true
KWx44kga7gg,iFvsrttZGXU,true
KWx44kga7gg,2-JJhjIoBKI,true
KWx44kga7gg,n0bqG1GzlHU,true
KWx44kga7gg,GcAUuDwvAyw,true
KWx44kga7gg,6otj9QWBnfs,true
KWx44kga7gg,-Q0xUXo2zEY,true
KWx44kga7gg,ZyY8yarwI5g,true
KWx44kga7gg,UgHNg-N-ENI,true
KWx44kga7gg,rIDHrBpevrA,true
KWx44kga7gg,KAJsdgTPJpU,true
KWx44kga7gg,U72xkMz6Pxk,true
KWx44kga7gg,QALmsrs2tks,true
KWx44kga7gg,vznT5nVOZgw,true
KWx44kga7gg,8x1MJLmkANk,true
KWx44kga7gg,QzaQz5yYJHs,true
KWx44kga7gg,-S14SjemfAg,true
KWx44kga7gg,M0a73sP00z4,true
KWx44kga7gg,TMrtLsQbaok,true
KWx44kga7gg,uGlDSFrLX4A,true
43q15ncwzWo,rhQVustYV24,true
43q15ncwzWo,H2QxFM9y0tY,true
43q15ncwzWo,14w8WC1I3S4,true
43q15ncwzWo,EAmmUIEsN9A,true
43q15ncwzWo,iFvsrttZGXU,true
43q15ncwzWo,DYqtXR8iPlE,true
43q15ncwzWo,rsNskDfd5CM,true
43q15ncwzWo,icKlNgLuqzU,true
43q15ncwzWo,KAJsdgTPJpU,true
43q15ncwzWo,UgHNg-N-ENI,true
43q15ncwzWo,r4_SS3cOJrw,true
43q15ncwzWo,-Q0xUXo2zEY,true
43q15ncwzWo,GcAUuDwvAyw,true
43q15ncwzWo,BQ4rBLCpEeM,true
43q15ncwzWo,M1o3NCPKZ4U,true
43q15ncwzWo,TMrtLsQbaok,true
43q15ncwzWo,ZdyBpfYvxs4,true
43q15ncwzWo,N94eP2jKQWw,true
43q15ncwzWo,ujh2ZRMY8lc,true
43q15ncwzWo,8x1MJLmkANk,true
43q15ncwzWo,KWx44kga7gg,true
43q15ncwzWo,rYxt0BeTrT8,true
43q15ncwzWo,qWEpTok6AJo,true
43q15ncwzWo,o3FAE4e7Pok,true
43q15ncwzWo,-S14SjemfAg,true
43q15ncwzWo,M0a73sP00z4,true
43q15ncwzWo,QzaQz5yYJHs,true
H2QxFM9y0tY,rhQVustYV24,true
H2QxFM9y0tY,rsNskDfd5CM,true
H2QxFM9y0tY,14w8WC1I3S4,true
H2QxFM9y0tY,uRgJ-22S_Rs,true
H2QxFM9y0tY,ZyY8yarwI5g,true
H2QxFM9y0tY,BQ4rBLCpEeM,true
H2QxFM9y0tY,Pw8cQbo1Ilk,true
H2QxFM9y0tY,RjsLm5PCdVQ,true
nOnLTGiA3H4,rhQVustYV24,true
nOnLTGiA3H4,rsNskDfd5CM,true
nOnLTGiA3H4,H2QxFM9y0tY,true
nOnLTGiA3H4,EAmmUIEsN9A,true
nOnLTGiA3H4,VFkQSGyeCWg,true
nOnLTGiA3H4,icKlNgLuqzU,true
nOnLTGiA3H4,8Q6OuvySSOc,true
nOnLTGiA3H4,UgHNg-N-ENI,true
nOnLTGiA3H4,CMOEcUPGi9c,true
nOnLTGiA3H4,-Q0xUXo2zEY,true
nOnLTGiA3H4,uRgJ-22S_Rs,true
nOnLTGiA3H4,BQ4rBLCpEeM,true
nOnLTGiA3H4,zKTQW5i9_p8,true
nOnLTGiA3H4,11FCyUB81rI,true
nOnLTGiA3H4,2-JJhjIoBKI,true
nOnLTGiA3H4,KAJsdgTPJpU,true
nOnLTGiA3H4,2ToRUiTHy5o,true
nOnLTGiA3H4,14w8WC1I3S4,true
nOnLTGiA3H4,mamMP6g2uzw,true
nOnLTGiA3H4,8RGbAMS2gGg,true
nOnLTGiA3H4,PumW_ZBO_iw,true
nOnLTGiA3H4,POHRxmKdA_A,true
nOnLTGiA3H4,uGlDSFrLX4A,true
nOnLTGiA3H4,57RQcPOFIio,true
nOnLTGiA3H4,8x1MJLmkANk,true
nOnLTGiA3H4,KWx44kga7gg,true
nOnLTGiA3H4,-S14SjemfAg,true
nOnLTGiA3H4,QzaQz5yYJHs,true
nOnLTGiA3H4,TMrtLsQbaok,true
nOnLTGiA3H4,rYxt0BeTrT8,true
nOnLTGiA3H4,4mD2brweSpQ,true
nOnLTGiA3H4,SnA2BTk67BQ,true
nOnLTGiA3H4,o3FAE4e7Pok,true
F7xCSTV0muE,rhQVustYV24,true
F7xCSTV0muE,JT73puKg8cc,true
F7xCSTV0muE,H2QxFM9y0tY,true
F7xCSTV0muE,14w8WC1I3S4,true
F7xCSTV0muE,GcAUuDwvAyw,true
F7xCSTV0muE,rsNskDfd5CM,true
F7xCSTV0muE,CMOEcUPGi9c,true
F7xCSTV0muE,DYqtXR8iPlE,true
F7xCSTV0muE,EAmmUIEsN9A,true
F7xCSTV0muE,uRgJ-22S_Rs,true
F7xCSTV0muE,VFkQSGyeCWg,true
F7xCSTV0muE,iFvsrttZGXU,true
F7xCSTV0muE,UgHNg-N-ENI,true
F7xCSTV0muE,RjsLm5PCdVQ,true
F7xCSTV0muE,n0bqG1GzlHU,true
F7xCSTV0muE,icKlNgLuqzU,true
F7xCSTV0muE,U72xkMz6Pxk,true
F7xCSTV0muE,2-JJhjIoBKI,true
F7xCSTV0muE,BQ4rBLCpEeM,true
F7xCSTV0muE,i4hXzw2OnnE,true
F7xCSTV0muE,KAJsdgTPJpU,true
F7xCSTV0muE,2ToRUiTHy5o,true
F7xCSTV0muE,8RGbAMS2gGg,true
F7xCSTV0muE,TMrtLsQbaok,true
F7xCSTV0muE,rIDHrBpevrA,true
F7xCSTV0muE,h3SmqCcNbU8,true
F7xCSTV0muE,QALmsrs2tks,true
F7xCSTV0muE,qWEpTok6AJo,true
F7xCSTV0muE,-S14SjemfAg,true
F7xCSTV0muE,itAu7Uw0sn8,true
F7xCSTV0muE,KWx44kga7gg,true
F7xCSTV0muE,kwNWt-iaXx0,true
F7xCSTV0muE,uGlDSFrLX4A,true
F7xCSTV0muE,M0a73sP00z4,true
F7xCSTV0muE,rYxt0BeTrT8,true
2ToRUiTHy5o,rhQVustYV24,true
2ToRUiTHy5o,H2QxFM9y0tY,true
2ToRUiTHy5o,jVyF1lliSLo,true
2ToRUiTHy5o,rsNskDfd5CM,true
2ToRUiTHy5o,GcAUuDwvAyw,true
2ToRUiTHy5o,14w8WC1I3S4,true
2ToRUiTHy5o,n0bqG1GzlHU,true
2ToRUiTHy5o,iFvsrttZGXU,true
2ToRUiTHy5o,icKlNgLuqzU,true
2ToRUiTHy5o,VFkQSGyeCWg,true
2ToRUiTHy5o,DYqtXR8iPlE,true
2ToRUiTHy5o,UgHNg-N-ENI,true
2ToRUiTHy5o,vznT5nVOZgw,true
2ToRUiTHy5o,CMOEcUPGi9c,true
2ToRUiTHy5o,BQ4rBLCpEeM,true
2ToRUiTHy5o,EAmmUIEsN9A,true
2ToRUiTHy5o,ZyY8yarwI5g,true
2ToRUiTHy5o,U72xkMz6Pxk,true
2ToRUiTHy5o,2-JJhjIoBKI,true
2ToRUiTHy5o,KAJsdgTPJpU,true
2ToRUiTHy5o,6otj9QWBnfs,true
2ToRUiTHy5o,M0a73sP00z4,true
2ToRUiTHy5o,qWEpTok6AJo,true
2ToRUiTHy5o,rIDHrBpevrA,true
2ToRUiTHy5o,8RGbAMS2gGg,true
2ToRUiTHy5o,uGlDSFrLX4A,true
2ToRUiTHy5o,TMrtLsQbaok,true
2ToRUiTHy5o,43q15ncwzWo,true
2ToRUiTHy5o,rYxt0BeTrT8,true
2ToRUiTHy5o,KWx44kga7gg,true
2ToRUiTHy5o,8x1MJLmkANk,true
2ToRUiTHy5o,-S14SjemfAg,true
2ToRUiTHy5o,QzaQz5yYJHs,true
icKlNgLuqzU,H2QxFM9y0tY,true
icKlNgLuqzU,rhQVustYV24,true
icKlNgLuqzU,ZyY8yarwI5g,true
icKlNgLuqzU,UgHNg-N-ENI,true
icKlNgLuqzU,rsNskDfd5CM,true
icKlNgLuqzU,14w8WC1I3S4,true
icKlNgLuqzU,GcAUuDwvAyw,true
icKlNgLuqzU,iFvsrttZGXU,true
icKlNgLuqzU,EAmmUIEsN9A,true
icKlNgLuqzU,VFkQSGyeCWg,true
icKlNgLuqzU,CMOEcUPGi9c,true
icKlNgLuqzU,uRgJ-22S_Rs,true
icKlNgLuqzU,BQ4rBLCpEeM,true
icKlNgLuqzU,vznT5nVOZgw,true
icKlNgLuqzU,QALmsrs2tks,true
icKlNgLuqzU,KAJsdgTPJpU,true
icKlNgLuqzU,2-JJhjIoBKI,true
icKlNgLuqzU,U72xkMz6Pxk,true
icKlNgLuqzU,6otj9QWBnfs,true
icKlNgLuqzU,2ToRUiTHy5o,true
icKlNgLuqzU,rIDHrBpevrA,true
icKlNgLuqzU,rYxt0BeTrT8,true
icKlNgLuqzU,TMrtLsQbaok,true
icKlNgLuqzU,KWx44kga7gg,true
icKlNgLuqzU,-S14SjemfAg,true
icKlNgLuqzU,uGlDSFrLX4A,true
icKlNgLuqzU,M0a73sP00z4,true
4mD2brweSpQ,rhQVustYV24,true
4mD2brweSpQ,rsNskDfd5CM,true
4mD2brweSpQ,H2QxFM9y0tY,true
4mD2brweSpQ,14w8WC1I3S4,true
4mD2brweSpQ,EAmmUIEsN9A,true
4mD2brweSpQ,UgHNg-N-ENI,true
4mD2brweSpQ,-Q0xUXo2zEY,true
4mD2brweSpQ,8Q6OuvySSOc,true
4mD2brweSpQ,uRgJ-22S_Rs,true
4mD2brweSpQ,11FCyUB81rI,true
4mD2brweSpQ,BQ4rBLCpEeM,true
4mD2brweSpQ,zKTQW5i9_p8,true
4mD2brweSpQ,r4_SS3cOJrw,true
4mD2brweSpQ,KAJsdgTPJpU,true
4mD2brweSpQ,8RGbAMS2gGg,true
4mD2brweSpQ,POHRxmKdA_A,true
4mD2brweSpQ,uGlDSFrLX4A,true
4mD2brweSpQ,TMrtLsQbaok,true
4mD2brweSpQ,rYxt0BeTrT8,true
4mD2brweSpQ,N94eP2jKQWw,true
4mD2brweSpQ,PumW_ZBO_iw,true
4mD2brweSpQ,KWx44kga7gg,true
4mD2brweSpQ,-S14SjemfAg,true
4mD2brweSpQ,o3FAE4e7Pok,true
4mD2brweSpQ,SnA2BTk67BQ,true
ZP_QOcrFunY,rsNskDfd5CM,true
ZP_QOcrFunY,rhQVustYV24,true
ZP_QOcrFunY,M7dVF9xylaw,true
ZP_QOcrFunY,nOnLTGiA3H4,true
ZP_QOcrFunY,JT73puKg8cc,true
ZP_QOcrFunY,VFkQSGyeCWg,true
ZP_QOcrFunY,uRgJ-22S_Rs,true
ZP_QOcrFunY,14w8WC1I3S4,true
ZP_QOcrFunY,11FCyUB81rI,true
ZP_QOcrFunY,GcAUuDwvAyw,true
ZP_QOcrFunY,vznT5nVOZgw,true
ZP_QOcrFunY,i4hXzw2OnnE,true
ZP_QOcrFunY,1CnyqLogH0Y,true
ZP_QOcrFunY,h3SmqCcNbU8,true
ZP_QOcrFunY,KAJsdgTPJpU,true
ZP_QOcrFunY,ujh2ZRMY8lc,true
ZP_QOcrFunY,wcorTk1ejew,true
ZP_QOcrFunY,KWx44kga7gg,true
ZP_QOcrFunY,uGlDSFrLX4A,true
ZP_QOcrFunY,-S14SjemfAg,true
ZP_QOcrFunY,8x1MJLmkANk,true
ZP_QOcrFunY,TMrtLsQbaok,true
ZP_QOcrFunY,rYxt0BeTrT8,true
ZP_QOcrFunY,s_WTAa6lV9c,true
ZP_QOcrFunY,SnA2BTk67BQ,true
ZP_QOcrFunY,o3FAE4e7Pok,true
ZP_QOcrFunY,KoC_1rOAFX0,true
ZP_QOcrFunY,4mD2brweSpQ,true
ZP_QOcrFunY,xVlRompc1yE,true
zmXOPrCr_F4,14w8WC1I3S4,true
zmXOPrCr_F4,rhQVustYV24,true
zmXOPrCr_F4,rsNskDfd5CM,true
zmXOPrCr_F4,H2QxFM9y0tY,true
zmXOPrCr_F4,DYqtXR8iPlE,true
zmXOPrCr_F4,GcAUuDwvAyw,true
zmXOPrCr_F4,1CnyqLogH0Y,true
zmXOPrCr_F4,i4hXzw2OnnE,true
zmXOPrCr_F4,KAJsdgTPJpU,true
zmXOPrCr_F4,EAmmUIEsN9A,true
zmXOPrCr_F4,UgHNg-N-ENI,true
zmXOPrCr_F4,h3SmqCcNbU8,true
zmXOPrCr_F4,icKlNgLuqzU,true
zmXOPrCr_F4,BQ4rBLCpEeM,true
zmXOPrCr_F4,2-JJhjIoBKI,true
zmXOPrCr_F4,M1o3NCPKZ4U,true
zmXOPrCr_F4,TMrtLsQbaok,true
zmXOPrCr_F4,zKTQW5i9_p8,true
zmXOPrCr_F4,8RGbAMS2gGg,true
zmXOPrCr_F4,N94eP2jKQWw,true
zmXOPrCr_F4,qWEpTok6AJo,true
zmXOPrCr_F4,itAu7Uw0sn8,true
zmXOPrCr_F4,QzaQz5yYJHs,true
zmXOPrCr_F4,KWx44kga7gg,true
zmXOPrCr_F4,-S14SjemfAg,true
zmXOPrCr_F4,rYxt0BeTrT8,true
zmXOPrCr_F4,M0a73sP00z4,true
s_WTAa6lV9c,rsNskDfd5CM,true
s_WTAa6lV9c,rhQVustYV24,true
s_WTAa6lV9c,EAmmUIEsN9A,true
s_WTAa6lV9c,nOnLTGiA3H4,true
s_WTAa6lV9c,UgHNg-N-ENI,true
s_WTAa6lV9c,M7dVF9xylaw,true
s_WTAa6lV9c,GcAUuDwvAyw,true
s_WTAa6lV9c,uRgJ-22S_Rs,true
s_WTAa6lV9c,VFkQSGyeCWg,true
s_WTAa6lV9c,1CnyqLogH0Y,true
s_WTAa6lV9c,FWsM9-_zrKo,true
s_WTAa6lV9c,mamMP6g2uzw,true
s_WTAa6lV9c,14w8WC1I3S4,true
s_WTAa6lV9c,h3SmqCcNbU8,true
s_WTAa6lV9c,BQ4rBLCpEeM,true
s_WTAa6lV9c,wcorTk1ejew,true
s_WTAa6lV9c,010z950X6mI,true
s_WTAa6lV9c,iv0Bb7KFe5o,true
s_WTAa6lV9c,ULWX9bmO_dE,true
s_WTAa6lV9c,TMrtLsQbaok,true
s_WTAa6lV9c,-S14SjemfAg,true
s_WTAa6lV9c,KWx44kga7gg,true
s_WTAa6lV9c,ZP_QOcrFunY,true
s_WTAa6lV9c,KoC_1rOAFX0,true
s_WTAa6lV9c,rYxt0BeTrT8,true
s_WTAa6lV9c,SnA2BTk67BQ,true
s_WTAa6lV9c,xVlRompc1yE,true
f_v92wMFWJE,rhQVustYV24,true
f_v92wMFWJE,rsNskDfd5CM,true
f_v92wMFWJE,H2QxFM9y0tY,true
f_v92wMFWJE,UgHNg-N-ENI,true
f_v92wMFWJE,n0bqG1GzlHU,true
f_v92wMFWJE,EAmmUIEsN9A,true
f_v92wMFWJE,14w8WC1I3S4,true
f_v92wMFWJE,1CnyqLogH0Y,true
f_v92wMFWJE,DYqtXR8iPlE,true
f_v92wMFWJE,KAJsdgTPJpU,true
f_v92wMFWJE,i4hXzw2OnnE,true
f_v92wMFWJE,zKTQW5i9_p8,true
f_v92wMFWJE,BQ4rBLCpEeM,true
f_v92wMFWJE,M1o3NCPKZ4U,true
f_v92wMFWJE,itAu7Uw0sn8,true
f_v92wMFWJE,43q15ncwzWo,true
f_v92wMFWJE,8x1MJLmkANk,true
f_v92wMFWJE,kwNWt-iaXx0,true
f_v92wMFWJE,KWx44kga7gg,true
f_v92wMFWJE,rYxt0BeTrT8,true
f_v92wMFWJE,TMrtLsQbaok,true
f_v92wMFWJE,-S14SjemfAg,true
f_v92wMFWJE,QzaQz5yYJHs,true
f_v92wMFWJE,o3FAE4e7Pok,true
f_v92wMFWJE,xVlRompc1yE,true
Eo_-mxvGnq8,rhQVustYV24,true
Eo_-mxvGnq8,H2QxFM9y0tY,true
Eo_-mxvGnq8,EAmmUIEsN9A,true
Eo_-mxvGnq8,rsNskDfd5CM,true
Eo_-mxvGnq8,VFkQSGyeCWg,true
Eo_-mxvGnq8,iFvsrttZGXU,true
Eo_-mxvGnq8,KAJsdgTPJpU,true
Eo_-mxvGnq8,14w8WC1I3S4,true
Eo_-mxvGnq8,11FCyUB81rI,true
Eo_-mxvGnq8,nOnLTGiA3H4,true
Eo_-mxvGnq8,8Q6OuvySSOc,true
Eo_-mxvGnq8,jVyF1lliSLo,true
Eo_-mxvGnq8,r4_SS3cOJrw,true
Eo_-mxvGnq8,RSBZMYxYyFU,true
Eo_-mxvGnq8,qtuvP8En0vU,true
Eo_-mxvGnq8,hKMX8WRw3fc,true
Eo_-mxvGnq8,8RGbAMS2gGg,true
Eo_-mxvGnq8,POHRxmKdA_A,true
Eo_-mxvGnq8,ujh2ZRMY8lc,true
Eo_-mxvGnq8,PumW_ZBO_iw,true
Eo_-mxvGnq8,N94eP2jKQWw,true
Eo_-mxvGnq8,TMrtLsQbaok,true
Eo_-mxvGnq8,8x1MJLmkANk,true
Eo_-mxvGnq8,rYxt0BeTrT8,true
Eo_-mxvGnq8,4mD2brweSpQ,true
Eo_-mxvGnq8,SnA2BTk67BQ,true
SnA2BTk67BQ,rsNskDfd5CM,true
SnA2BTk67BQ,rhQVustYV24,true
SnA2BTk67BQ,EAmmUIEsN9A,true
SnA2BTk67BQ,8Q6OuvySSOc,true
SnA2BTk67BQ,uRgJ-22S_Rs,true
SnA2BTk67BQ,UgHNg-N-ENI,true
SnA2BTk67BQ,-Q0xUXo2zEY,true
SnA2BTk67BQ,CMOEcUPGi9c,true
SnA2BTk67BQ,H2QxFM9y0tY,true
SnA2BTk67BQ,nOnLTGiA3H4,true
SnA2BTk67BQ,KAJsdgTPJpU,true
SnA2BTk67BQ,2-JJhjIoBKI,true
SnA2BTk67BQ,11FCyUB81rI,true
SnA2BTk67BQ,BQ4rBLCpEeM,true
SnA2BTk67BQ,zKTQW5i9_p8,true
SnA2BTk67BQ,8RGbAMS2gGg,true
SnA2BTk67BQ,POHRxmKdA_A,true
SnA2BTk67BQ,-pP7M20iNsc,true
SnA2BTk67BQ,PumW_ZBO_iw,true
SnA2BTk67BQ,TMrtLsQbaok,true
SnA2BTk67BQ,-S14SjemfAg,true
SnA2BTk67BQ,QzaQz5yYJHs,true
SnA2BTk67BQ,uGlDSFrLX4A,true
SnA2BTk67BQ,M0a73sP00z4,true
SnA2BTk67BQ,KWx44kga7gg,true
SnA2BTk67BQ,rYxt0BeTrT8,true
SnA2BTk67BQ,4mD2brweSpQ,true
SnA2BTk67BQ,o3FAE4e7Pok,true
ULWX9bmO_dE,rsNskDfd5CM,true
ULWX9bmO_dE,VFkQSGyeCWg,true
ULWX9bmO_dE,nOnLTGiA3H4,true
ULWX9bmO_dE,1CnyqLogH0Y,true
ULWX9bmO_dE,FWsM9-_zrKo,true
ULWX9bmO_dE,11FCyUB81rI,true
ULWX9bmO_dE,iv0Bb7KFe5o,true
ULWX9bmO_dE,KAJsdgTPJpU,true
ULWX9bmO_dE,BQ4rBLCpEeM,true
ULWX9bmO_dE,wcorTk1ejew,true
ULWX9bmO_dE,mamMP6g2uzw,true
ULWX9bmO_dE,010z950X6mI,true
ULWX9bmO_dE,KWx44kga7gg,true
ULWX9bmO_dE,rYxt0BeTrT8,true
ULWX9bmO_dE,s_WTAa6lV9c,true
ULWX9bmO_dE,KoC_1rOAFX0,true
ULWX9bmO_dE,o3FAE4e7Pok,true
ULWX9bmO_dE,xVlRompc1yE,true
57RQcPOFIio,rhQVustYV24,true
57RQcPOFIio,rsNskDfd5CM,true
57RQcPOFIio,H2QxFM9y0tY,true
57RQcPOFIio,UgHNg-N-ENI,true
57RQcPOFIio,8Q6OuvySSOc,true
57RQcPOFIio,nOnLTGiA3H4,true
57RQcPOFIio,-Q0xUXo2zEY,true
57RQcPOFIio,uRgJ-22S_Rs,true
57RQcPOFIio,icKlNgLuqzU,true
57RQcPOFIio,VFkQSGyeCWg,true
57RQcPOFIio,KAJsdgTPJpU,true
57RQcPOFIio,11FCyUB81rI,true
57RQcPOFIio,2ToRUiTHy5o,true
57RQcPOFIio,14w8WC1I3S4,true
57RQcPOFIio,BQ4rBLCpEeM,true
57RQcPOFIio,zKTQW5i9_p8,true
57RQcPOFIio,mamMP6g2uzw,true
57RQcPOFIio,POHRxmKdA_A,true
57RQcPOFIio,TMrtLsQbaok,true
57RQcPOFIio,uGlDSFrLX4A,true
57RQcPOFIio,KWx44kga7gg,true
57RQcPOFIio,QzaQz5yYJHs,true
57RQcPOFIio,-S14SjemfAg,true
57RQcPOFIio,rYxt0BeTrT8,true
57RQcPOFIio,N94eP2jKQWw,true
57RQcPOFIio,SnA2BTk67BQ,true
57RQcPOFIio,KoC_1rOAFX0,true
57RQcPOFIio,o3FAE4e7Pok,true
CMOEcUPGi9c,H2QxFM9y0tY,true
CMOEcUPGi9c,ZyY8yarwI5g,true
CMOEcUPGi9c,rhQVustYV24,true
CMOEcUPGi9c,uRgJ-22S_Rs,true
CMOEcUPGi9c,EAmmUIEsN9A,true
CMOEcUPGi9c,-Q0xUXo2zEY,true
CMOEcUPGi9c,rsNskDfd5CM,true
CMOEcUPGi9c,iFvsrttZGXU,true
CMOEcUPGi9c,DYqtXR8iPlE,true
CMOEcUPGi9c,UgHNg-N-ENI,true
CMOEcUPGi9c,BQ4rBLCpEeM,true
CMOEcUPGi9c,GcAUuDwvAyw,true
CMOEcUPGi9c,icKlNgLuqzU,true
CMOEcUPGi9c,14w8WC1I3S4,true
CMOEcUPGi9c,2-JJhjIoBKI,true
CMOEcUPGi9c,KAJsdgTPJpU,true
CMOEcUPGi9c,vznT5nVOZgw,true
CMOEcUPGi9c,8RGbAMS2gGg,true
CMOEcUPGi9c,U72xkMz6Pxk,true
CMOEcUPGi9c,2ToRUiTHy5o,true
CMOEcUPGi9c,rIDHrBpevrA,true
CMOEcUPGi9c,-S14SjemfAg,true
CMOEcUPGi9c,KWx44kga7gg,true
CMOEcUPGi9c,TMrtLsQbaok,true
CMOEcUPGi9c,QzaQz5yYJHs,true
CMOEcUPGi9c,rYxt0BeTrT8,true
QzaQz5yYJHs,rhQVustYV24,true
QzaQz5yYJHs,icKlNgLuqzU,true
QzaQz5yYJHs,rsNskDfd5CM,true
QzaQz5yYJHs,n0bqG1GzlHU,true
QzaQz5yYJHs,14w8WC1I3S4,true
QzaQz5yYJHs,CMOEcUPGi9c,true
QzaQz5yYJHs,UgHNg-N-ENI,true
QzaQz5yYJHs,EAmmUIEsN9A,true
QzaQz5yYJHs,BQ4rBLCpEeM,true
QzaQz5yYJHs,GcAUuDwvAyw,true
QzaQz5yYJHs,KAJsdgTPJpU,true
QzaQz5yYJHs,ujh2ZRMY8lc,true
QzaQz5yYJHs,8RGbAMS2gGg,true
QzaQz5yYJHs,8x1MJLmkANk,true
QzaQz5yYJHs,KWx44kga7gg,true
QzaQz5yYJHs,TMrtLsQbaok,true
QzaQz5yYJHs,-S14SjemfAg,true
QzaQz5yYJHs,o3FAE4e7Pok,true
i4hXzw2OnnE,rhQVustYV24,true
i4hXzw2OnnE,rsNskDfd5CM,true
i4hXzw2OnnE,H2QxFM9y0tY,true
i4hXzw2OnnE,UgHNg-N-ENI,true
i4hXzw2OnnE,14w8WC1I3S4,true
i4hXzw2OnnE,EAmmUIEsN9A,true
i4hXzw2OnnE,DYqtXR8iPlE,true
i4hXzw2OnnE,2-JJhjIoBKI,true
i4hXzw2OnnE,uRgJ-22S_Rs,true
i4hXzw2OnnE,KAJsdgTPJpU,true
i4hXzw2OnnE,43q15ncwzWo,true
i4hXzw2OnnE,TMrtLsQbaok,true
i4hXzw2OnnE,QzaQz5yYJHs,true
i4hXzw2OnnE,-S14SjemfAg,true
2-JJhjIoBKI,ZyY8yarwI5g,true
2-JJhjIoBKI,H2QxFM9y0tY,true
2-JJhjIoBKI,rhQVustYV24,true
2-JJhjIoBKI,Pw8cQbo1Ilk,true
2-JJhjIoBKI,GcAUuDwvAyw,true
2-JJhjIoBKI,CMOEcUPGi9c,true
2-JJhjIoBKI,14w8WC1I3S4,true
2-JJhjIoBKI,rsNskDfd5CM,true
2-JJhjIoBKI,VFkQSGyeCWg,true
2-JJhjIoBKI,icKlNgLuqzU,true
2-JJhjIoBKI,tE84D99ZsUM,true
2-JJhjIoBKI,UgHNg-N-ENI,true
2-JJhjIoBKI,BQ4rBLCpEeM,true
2-JJhjIoBKI,uRgJ-22S_Rs,true
2-JJhjIoBKI,2ToRUiTHy5o,true
2-JJhjIoBKI,EAmmUIEsN9A,true
2-JJhjIoBKI,rIDHrBpevrA,true
2-JJhjIoBKI,RjsLm5PCdVQ,true
2-JJhjIoBKI,FwY06xE24Es,true
2-JJhjIoBKI,8RGbAMS2gGg,true
2-JJhjIoBKI,8x1MJLmkANk,true
2-JJhjIoBKI,KWx44kga7gg,true
2-JJhjIoBKI,M0a73sP00z4,true
2-JJhjIoBKI,TMrtLsQbaok,true
8RGbAMS2gGg,rhQVustYV24,true
8RGbAMS2gGg,H2QxFM9y0tY,true
8RGbAMS2gGg,rsNskDfd5CM,true
8RGbAMS2gGg,14w8WC1I3S4,true
8RGbAMS2gGg,CMOEcUPGi9c,true
8RGbAMS2gGg,icKlNgLuqzU,true
8RGbAMS2gGg,uRgJ-22S_Rs,true
8RGbAMS2gGg,BQ4rBLCpEeM,true
8RGbAMS2gGg,VFkQSGyeCWg,true
8RGbAMS2gGg,2-JJhjIoBKI,true
8RGbAMS2gGg,EAmmUIEsN9A,true
8RGbAMS2gGg,UgHNg-N-ENI,true
8RGbAMS2gGg,ZyY8yarwI5g,true
8RGbAMS2gGg,DYqtXR8iPlE,true
8RGbAMS2gGg,-Q0xUXo2zEY,true
8RGbAMS2gGg,GcAUuDwvAyw,true
8RGbAMS2gGg,Pw8cQbo1Ilk,true
8RGbAMS2gGg,U72xkMz6Pxk,true
8RGbAMS2gGg,tE84D99ZsUM,true
8RGbAMS2gGg,KAJsdgTPJpU,true
8RGbAMS2gGg,zKTQW5i9_p8,true
8RGbAMS2gGg,vznT5nVOZgw,true
8RGbAMS2gGg,rIDHrBpevrA,true
8RGbAMS2gGg,KWx44kga7gg,true
8RGbAMS2gGg,2ToRUiTHy5o,true
8RGbAMS2gGg,-S14SjemfAg,true
8RGbAMS2gGg,TMrtLsQbaok,true
8RGbAMS2gGg,uGlDSFrLX4A,true
8RGbAMS2gGg,kwNWt-iaXx0,true
8RGbAMS2gGg,QzaQz5yYJHs,true
n0bqG1GzlHU,ZyY8yarwI5g,true
n0bqG1GzlHU,H2QxFM9y0tY,true
n0bqG1GzlHU,rhQVustYV24,true
n0bqG1GzlHU,14w8WC1I3S4,true
n0bqG1GzlHU,rsNskDfd5CM,true
n0bqG1GzlHU,EAmmUIEsN9A,true
n0bqG1GzlHU,VFkQSGyeCWg,true
n0bqG1GzlHU,UgHNg-N-ENI,true
n0bqG1GzlHU,DYqtXR8iPlE,true
n0bqG1GzlHU,-Q0xUXo2zEY,true
n0bqG1GzlHU,uRgJ-22S_Rs,true
n0bqG1GzlHU,KAJsdgTPJpU,true
n0bqG1GzlHU,GcAUuDwvAyw,true
n0bqG1GzlHU,M1o3NCPKZ4U,true
n0bqG1GzlHU,zKTQW5i9_p8,true
n0bqG1GzlHU,TMrtLsQbaok,true
n0bqG1GzlHU,43q15ncwzWo,true
n0bqG1GzlHU,8x1MJLmkANk,true
n0bqG1GzlHU,-S14SjemfAg,true
n0bqG1GzlHU,uGlDSFrLX4A,true
n0bqG1GzlHU,rYxt0BeTrT8,true
n0bqG1GzlHU,QzaQz5yYJHs,true
M0a73sP00z4,H2QxFM9y0tY,true
M0a73sP00z4,rhQVustYV24,true
M0a73sP00z4,14w8WC1I3S4,true
M0a73sP00z4,rsNskDfd5CM,true
M0a73sP00z4,EAmmUIEsN9A,true
M0a73sP00z4,n0bqG1GzlHU,true
M0a73sP00z4,BQ4rBLCpEeM,true
M0a73sP00z4,uRgJ-22S_Rs,true
M0a73sP00z4,icKlNgLuqzU,true
M0a73sP00z4,VFkQSGyeCWg,true
M0a73sP00z4,GcAUuDwvAyw,true
M0a73sP00z4,2-JJhjIoBKI,true
M0a73sP00z4,UgHNg-N-ENI,true
M0a73sP00z4,U72xkMz6Pxk,true
M0a73sP00z4,6otj9QWBnfs,true
M0a73sP00z4,-Q0xUXo2zEY,true
M0a73sP00z4,RjsLm5PCdVQ,true
M0a73sP00z4,DYqtXR8iPlE,true
M0a73sP00z4,CMOEcUPGi9c,true
M0a73sP00z4,vznT5nVOZgw,true
M0a73sP00z4,rIDHrBpevrA,true
M0a73sP00z4,2ToRUiTHy5o,true
M0a73sP00z4,KAJsdgTPJpU,true
M0a73sP00z4,8RGbAMS2gGg,true
M0a73sP00z4,TMrtLsQbaok,true
M0a73sP00z4,-S14SjemfAg,true
M0a73sP00z4,8x1MJLmkANk,true
M0a73sP00z4,KWx44kga7gg,true
M0a73sP00z4,qWEpTok6AJo,true
M0a73sP00z4,uGlDSFrLX4A,true
M0a73sP00z4,rYxt0BeTrT8,true
M0a73sP00z4,QzaQz5yYJHs,true
U72xkMz6Pxk,rhQVustYV24,true
U72xkMz6Pxk,H2QxFM9y0tY,true
U72xkMz6Pxk,14w8WC1I3S4,true
U72xkMz6Pxk,rsNskDfd5CM,true
U72xkMz6Pxk,VFkQSGyeCWg,true
U72xkMz6Pxk,-Q0xUXo2zEY,true
U72xkMz6Pxk,n0bqG1GzlHU,true
U72xkMz6Pxk,6otj9QWBnfs,true
U72xkMz6Pxk,uRgJ-22S_Rs,true
U72xkMz6Pxk,icKlNgLuqzU,true
U72xkMz6Pxk,iFvsrttZGXU,true
U72xkMz6Pxk,M7dVF9xylaw,true
U72xkMz6Pxk,UgHNg-N-ENI,true
U72xkMz6Pxk,EAmmUIEsN9A,true
U72xkMz6Pxk,CMOEcUPGi9c,true
U72xkMz6Pxk,DYqtXR8iPlE,true
U72xkMz6Pxk,QALmsrs2tks,true
U72xkMz6Pxk,GcAUuDwvAyw,true
U72xkMz6Pxk,BQ4rBLCpEeM,true
U72xkMz6Pxk,2ToRUiTHy5o,true
U72xkMz6Pxk,vznT5nVOZgw,true
U72xkMz6Pxk,KAJsdgTPJpU,true
U72xkMz6Pxk,qWEpTok6AJo,true
U72xkMz6Pxk,8RGbAMS2gGg,true
U72xkMz6Pxk,uGlDSFrLX4A,true
U72xkMz6Pxk,TMrtLsQbaok,true
U72xkMz6Pxk,8x1MJLmkANk,true
U72xkMz6Pxk,rYxt0BeTrT8,true
U72xkMz6Pxk,KWx44kga7gg,true
U72xkMz6Pxk,M0a73sP00z4,true
U72xkMz6Pxk,-S14SjemfAg,true
U72xkMz6Pxk,43q15ncwzWo,true
U72xkMz6Pxk,QzaQz5yYJHs,true
-pP7M20iNsc,rsNskDfd5CM,true
-pP7M20iNsc,rhQVustYV24,true
-pP7M20iNsc,H2QxFM9y0tY,true
-pP7M20iNsc,UgHNg-N-ENI,true
-pP7M20iNsc,uRgJ-22S_Rs,true
-pP7M20iNsc,n0bqG1GzlHU,true
-pP7M20iNsc,EAmmUIEsN9A,true
-pP7M20iNsc,icKlNgLuqzU,true
-pP7M20iNsc,nOnLTGiA3H4,true
-pP7M20iNsc,CMOEcUPGi9c,true
-pP7M20iNsc,8Q6OuvySSOc,true
-pP7M20iNsc,14w8WC1I3S4,true
-pP7M20iNsc,-Q0xUXo2zEY,true
-pP7M20iNsc,11FCyUB81rI,true
-pP7M20iNsc,KAJsdgTPJpU,true
-pP7M20iNsc,zKTQW5i9_p8,true
-pP7M20iNsc,BQ4rBLCpEeM,true
-pP7M20iNsc,2-JJhjIoBKI,true
-pP7M20iNsc,8RGbAMS2gGg,true
-pP7M20iNsc,PumW_ZBO_iw,true
-pP7M20iNsc,KWx44kga7gg,true
-pP7M20iNsc,uGlDSFrLX4A,true
-pP7M20iNsc,-S14SjemfAg,true
-pP7M20iNsc,M0a73sP00z4,true
-pP7M20iNsc,TMrtLsQbaok,true
-pP7M20iNsc,rYxt0BeTrT8,true
-pP7M20iNsc,o3FAE4e7Pok,true
-pP7M20iNsc,QzaQz5yYJHs,true
-pP7M20iNsc,4mD2brweSpQ,true
Vm4_CQb8-L0,rsNskDfd5CM,true
Vm4_CQb8-L0,11FCyUB81rI,true
Vm4_CQb8-L0,r4_SS3cOJrw,true
Vm4_CQb8-L0,zKTQW5i9_p8,true
Vm4_CQb8-L0,KAJsdgTPJpU,true
Vm4_CQb8-L0,PumW_ZBO_iw,true
Vm4_CQb8-L0,RSBZMYxYyFU,true
Vm4_CQb8-L0,TMrtLsQbaok,true
Vm4_CQb8-L0,-S14SjemfAg,true
Vm4_CQb8-L0,uGlDSFrLX4A,true
Vm4_CQb8-L0,KWx44kga7gg,true
Vm4_CQb8-L0,rYxt0BeTrT8,true
Vm4_CQb8-L0,4mD2brweSpQ,true
2-g2wC3-tak,rhQVustYV24,true
2-g2wC3-tak,H2QxFM9y0tY,true
2-g2wC3-tak,UgHNg-N-ENI,true
2-g2wC3-tak,14w8WC1I3S4,true
UgHNg-N-ENI,rhQVustYV24,true
UgHNg-N-ENI,rsNskDfd5CM,true
UgHNg-N-ENI,n0bqG1GzlHU,true
UgHNg-N-ENI,ZyY8yarwI5g,true
UgHNg-N-ENI,H2QxFM9y0tY,true
UgHNg-N-ENI,14w8WC1I3S4,true
UgHNg-N-ENI,DYqtXR8iPlE,true
UgHNg-N-ENI,KAJsdgTPJpU,true
UgHNg-N-ENI,EAmmUIEsN9A,true
UgHNg-N-ENI,BQ4rBLCpEeM,true
UgHNg-N-ENI,ujh2ZRMY8lc,true
UgHNg-N-ENI,qWEpTok6AJo,true
UgHNg-N-ENI,QzaQz5yYJHs,true
UgHNg-N-ENI,TMrtLsQbaok,true
UgHNg-N-ENI,rYxt0BeTrT8,true
9n_St7PbGkg,JT73puKg8cc,true
9n_St7PbGkg,14w8WC1I3S4,true
9n_St7PbGkg,rhQVustYV24,true
9n_St7PbGkg,H2QxFM9y0tY,true
9n_St7PbGkg,GcAUuDwvAyw,true
9n_St7PbGkg,VFkQSGyeCWg,true
9n_St7PbGkg,UgHNg-N-ENI,true
9n_St7PbGkg,iFvsrttZGXU,true
9n_St7PbGkg,EAmmUIEsN9A,true
9n_St7PbGkg,CMOEcUPGi9c,true
9n_St7PbGkg,KAJsdgTPJpU,true
9n_St7PbGkg,2ToRUiTHy5o,true
9n_St7PbGkg,U72xkMz6Pxk,true
9n_St7PbGkg,icKlNgLuqzU,true
9n_St7PbGkg,i4hXzw2OnnE,true
9n_St7PbGkg,vznT5nVOZgw,true
9n_St7PbGkg,F7xCSTV0muE,true
9n_St7PbGkg,BQ4rBLCpEeM,true
9n_St7PbGkg,8RGbAMS2gGg,true
9n_St7PbGkg,TMrtLsQbaok,true
9n_St7PbGkg,uGlDSFrLX4A,true
9n_St7PbGkg,43q15ncwzWo,true
9n_St7PbGkg,qWEpTok6AJo,true
9n_St7PbGkg,M0a73sP00z4,true
9n_St7PbGkg,itAu7Uw0sn8,true
9n_St7PbGkg,KWx44kga7gg,true
9n_St7PbGkg,rYxt0BeTrT8,true
9n_St7PbGkg,QzaQz5yYJHs,true
9n_St7PbGkg,o3FAE4e7Pok,true
kwNWt-iaXx0,2-g2wC3-tak,true
kwNWt-iaXx0,rhQVustYV24,true
kwNWt-iaXx0,H2QxFM9y0tY,true
kwNWt-iaXx0,rsNskDfd5CM,true
kwNWt-iaXx0,icKlNgLuqzU,true
kwNWt-iaXx0,14w8WC1I3S4,true
kwNWt-iaXx0,EAmmUIEsN9A,true
kwNWt-iaXx0,UgHNg-N-ENI,true
kwNWt-iaXx0,uRgJ-22S_Rs,true
kwNWt-iaXx0,qtuvP8En0vU,true
kwNWt-iaXx0,n0bqG1GzlHU,true
kwNWt-iaXx0,BQ4rBLCpEeM,true
kwNWt-iaXx0,2ToRUiTHy5o,true
kwNWt-iaXx0,KAJsdgTPJpU,true
kwNWt-iaXx0,2-JJhjIoBKI,true
kwNWt-iaXx0,zKTQW5i9_p8,true
kwNWt-iaXx0,8RGbAMS2gGg,true
kwNWt-iaXx0,ZdyBpfYvxs4,true
kwNWt-iaXx0,43q15ncwzWo,true
kwNWt-iaXx0,-S14SjemfAg,true
kwNWt-iaXx0,KWx44kga7gg,true
kwNWt-iaXx0,8x1MJLmkANk,true
kwNWt-iaXx0,QzaQz5yYJHs,true
kwNWt-iaXx0,uGlDSFrLX4A,true
kwNWt-iaXx0,rYxt0BeTrT8,true
wpaw-l1Q3_E,rsNskDfd5CM,true
wpaw-l1Q3_E,rhQVustYV24,true
wpaw-l1Q3_E,EAmmUIEsN9A,true
wpaw-l1Q3_E,UgHNg-N-ENI,true
wpaw-l1Q3_E,14w8WC1I3S4,true
wpaw-l1Q3_E,DYqtXR8iPlE,true
wpaw-l1Q3_E,n0bqG1GzlHU,true
wpaw-l1Q3_E,H2QxFM9y0tY,true
wpaw-l1Q3_E,VFkQSGyeCWg,true
wpaw-l1Q3_E,BQ4rBLCpEeM,true
wpaw-l1Q3_E,KAJsdgTPJpU,true
wpaw-l1Q3_E,M1o3NCPKZ4U,true
wpaw-l1Q3_E,zKTQW5i9_p8,true
wpaw-l1Q3_E,TMrtLsQbaok,true
wpaw-l1Q3_E,8RGbAMS2gGg,true
wpaw-l1Q3_E,N94eP2jKQWw,true
wpaw-l1Q3_E,qWEpTok6AJo,true
wpaw-l1Q3_E,rYxt0BeTrT8,true
wpaw-l1Q3_E,8x1MJLmkANk,true
wpaw-l1Q3_E,-S14SjemfAg,true
wpaw-l1Q3_E,KWx44kga7gg,true
wpaw-l1Q3_E,QzaQz5yYJHs,true
wpaw-l1Q3_E,43q15ncwzWo,true
wpaw-l1Q3_E,M0a73sP00z4,true
JT73puKg8cc,rhQVustYV24,true
JT73puKg8cc,H2QxFM9y0tY,true
JT73puKg8cc,ZyY8yarwI5g,true
JT73puKg8cc,rsNskDfd5CM,true
JT73puKg8cc,icKlNgLuqzU,true
JT73puKg8cc,BQ4rBLCpEeM,true
JT73puKg8cc,FWsM9-_zrKo,true
JT73puKg8cc,14w8WC1I3S4,true
JT73puKg8cc,uRgJ-22S_Rs,true
JT73puKg8cc,CMOEcUPGi9c,true
JT73puKg8cc,EAmmUIEsN9A,true
JT73puKg8cc,VFkQSGyeCWg,true
JT73puKg8cc,Pw8cQbo1Ilk,true
JT73puKg8cc,tE84D99ZsUM,true
JT73puKg8cc,2-JJhjIoBKI,true
JT73puKg8cc,rIDHrBpevrA,true
JT73puKg8cc,8RGbAMS2gGg,true
JT73puKg8cc,2ToRUiTHy5o,true
JT73puKg8cc,QzaQz5yYJHs,true
JT73puKg8cc,KWx44kga7gg,true
iv0Bb7KFe5o,rsNskDfd5CM,true
iv0Bb7KFe5o,M7dVF9xylaw,true
iv0Bb7KFe5o,-Q0xUXo2zEY,true
iv0Bb7KFe5o,VFkQSGyeCWg,true
iv0Bb7KFe5o,1CnyqLogH0Y,true
iv0Bb7KFe5o,KAJsdgTPJpU,true
iv0Bb7KFe5o,ULWX9bmO_dE,true
iv0Bb7KFe5o,mamMP6g2uzw,true
iv0Bb7KFe5o,wcorTk1ejew,true
iv0Bb7KFe5o,-S14SjemfAg,true
iv0Bb7KFe5o,TMrtLsQbaok,true
iv0Bb7KFe5o,KoC_1rOAFX0,true
iv0Bb7KFe5o,rYxt0BeTrT8,true
iv0Bb7KFe5o,xVlRompc1yE,true
POHRxmKdA_A,rsNskDfd5CM,true
POHRxmKdA_A,rhQVustYV24,true
POHRxmKdA_A,H2QxFM9y0tY,true
POHRxmKdA_A,UgHNg-N-ENI,true
POHRxmKdA_A,8Q6OuvySSOc,true
POHRxmKdA_A,EAmmUIEsN9A,true
POHRxmKdA_A,r4_SS3cOJrw,true
POHRxmKdA_A,11FCyUB81rI,true
POHRxmKdA_A,KAJsdgTPJpU,true
POHRxmKdA_A,PumW_ZBO_iw,true
POHRxmKdA_A,TMrtLsQbaok,true
POHRxmKdA_A,-S14SjemfAg,true
POHRxmKdA_A,rYxt0BeTrT8,true
POHRxmKdA_A,QzaQz5yYJHs,true
POHRxmKdA_A,4mD2brweSpQ,true
1wtHeW85Pfg,rsNskDfd5CM,true
1wtHeW85Pfg,rhQVustYV24,true
1wtHeW85Pfg,UgHNg-N-ENI,true
1wtHeW85Pfg,14w8WC1I3S4,true
1wtHeW85Pfg,FWsM9-_zrKo,true
1wtHeW85Pfg,EAmmUIEsN9A,true
1wtHeW85Pfg,H2QxFM9y0tY,true
1wtHeW85Pfg,11FCyUB81rI,true
1wtHeW85Pfg,uRgJ-22S_Rs,true
1wtHeW85Pfg,-Q0xUXo2zEY,true
1wtHeW85Pfg,i4hXzw2OnnE,true
1wtHeW85Pfg,1CnyqLogH0Y,true
1wtHeW85Pfg,KAJsdgTPJpU,true
1wtHeW85Pfg,BQ4rBLCpEeM,true
1wtHeW85Pfg,nOnLTGiA3H4,true
1wtHeW85Pfg,2ToRUiTHy5o,true
1wtHeW85Pfg,zKTQW5i9_p8,true
1wtHeW85Pfg,f_v92wMFWJE,true
1wtHeW85Pfg,PumW_ZBO_iw,true
1wtHeW85Pfg,-pP7M20iNsc,true
1wtHeW85Pfg,itAu7Uw0sn8,true
1wtHeW85Pfg,TMrtLsQbaok,true
1wtHeW85Pfg,uGlDSFrLX4A,true
1wtHeW85Pfg,N94eP2jKQWw,true
1wtHeW85Pfg,-S14SjemfAg,true
1wtHeW85Pfg,KWx44kga7gg,true
1wtHeW85Pfg,rYxt0BeTrT8,true
1wtHeW85Pfg,o3FAE4e7Pok,true
1wtHeW85Pfg,4mD2brweSpQ,true
1wtHeW85Pfg,xVlRompc1yE,true
1wtHeW85Pfg,SnA2BTk67BQ,true
qWEpTok6AJo,rhQVustYV24,true
qWEpTok6AJo,H2QxFM9y0tY,true
qWEpTok6AJo,14w8WC1I3S4,true
qWEpTok6AJo,rsNskDfd5CM,true
qWEpTok6AJo,icKlNgLuqzU,true
qWEpTok6AJo,DYqtXR8iPlE,true
qWEpTok6AJo,-Q0xUXo2zEY,true
qWEpTok6AJo,EAmmUIEsN9A,true
qWEpTok6AJo,KAJsdgTPJpU,true
qWEpTok6AJo,BQ4rBLCpEeM,true
qWEpTok6AJo,UgHNg-N-ENI,true
qWEpTok6AJo,vznT5nVOZgw,true
qWEpTok6AJo,VFkQSGyeCWg,true
qWEpTok6AJo,2ToRUiTHy5o,true
qWEpTok6AJo,iFvsrttZGXU,true
qWEpTok6AJo,8RGbAMS2gGg,true
qWEpTok6AJo,U72xkMz6Pxk,true
qWEpTok6AJo,8x1MJLmkANk,true
qWEpTok6AJo,QzaQz5yYJHs,true
qWEpTok6AJo,-S14SjemfAg,true
qWEpTok6AJo,N94eP2jKQWw,true
qWEpTok6AJo,TMrtLsQbaok,true
qWEpTok6AJo,43q15ncwzWo,true
qWEpTok6AJo,M0a73sP00z4,true
qWEpTok6AJo,KWx44kga7gg,true
qWEpTok6AJo,rYxt0BeTrT8,true
8Q6OuvySSOc,rsNskDfd5CM,true
8Q6OuvySSOc,rhQVustYV24,true
8Q6OuvySSOc,H2QxFM9y0tY,true
8Q6OuvySSOc,EAmmUIEsN9A,true
8Q6OuvySSOc,11FCyUB81rI,true
8Q6OuvySSOc,KAJsdgTPJpU,true
8Q6OuvySSOc,r4_SS3cOJrw,true
8Q6OuvySSOc,14w8WC1I3S4,true
8Q6OuvySSOc,POHRxmKdA_A,true
8Q6OuvySSOc,PumW_ZBO_iw,true
8Q6OuvySSOc,KWx44kga7gg,true
8Q6OuvySSOc,rYxt0BeTrT8,true
8Q6OuvySSOc,4mD2brweSpQ,true
M7dVF9xylaw,EAmmUIEsN9A,true
M7dVF9xylaw,ZyY8yarwI5g,true
M7dVF9xylaw,rhQVustYV24,true
M7dVF9xylaw,14w8WC1I3S4,true
M7dVF9xylaw,H2QxFM9y0tY,true
M7dVF9xylaw,rsNskDfd5CM,true
M7dVF9xylaw,VFkQSGyeCWg,true
M7dVF9xylaw,uRgJ-22S_Rs,true
M7dVF9xylaw,VDBJMqZ6lWI,true
M7dVF9xylaw,U72xkMz6Pxk,true
M7dVF9xylaw,UgHNg-N-ENI,true
M7dVF9xylaw,RjsLm5PCdVQ,true
M7dVF9xylaw,FwY06xE24Es,true
M7dVF9xylaw,hKMX8WRw3fc,true
M7dVF9xylaw,KAJsdgTPJpU,true
RjsLm5PCdVQ,H2QxFM9y0tY,true
RjsLm5PCdVQ,rhQVustYV24,true
RjsLm5PCdVQ,14w8WC1I3S4,true
RjsLm5PCdVQ,EAmmUIEsN9A,true
RjsLm5PCdVQ,uRgJ-22S_Rs,true
RjsLm5PCdVQ,rsNskDfd5CM,true
RjsLm5PCdVQ,M7dVF9xylaw,true
RjsLm5PCdVQ,UgHNg-N-ENI,true
RjsLm5PCdVQ,VDBJMqZ6lWI,true
RjsLm5PCdVQ,n0bqG1GzlHU,true
RjsLm5PCdVQ,ZyY8yarwI5g,true
RjsLm5PCdVQ,VFkQSGyeCWg,true
RjsLm5PCdVQ,KAJsdgTPJpU,true
RjsLm5PCdVQ,hKMX8WRw3fc,true
RjsLm5PCdVQ,TMrtLsQbaok,true
r4_SS3cOJrw,rhQVustYV24,true
r4_SS3cOJrw,rsNskDfd5CM,true
r4_SS3cOJrw,H2QxFM9y0tY,true
r4_SS3cOJrw,UgHNg-N-ENI,true
r4_SS3cOJrw,14w8WC1I3S4,true
r4_SS3cOJrw,EAmmUIEsN9A,true
r4_SS3cOJrw,8Q6OuvySSOc,true
r4_SS3cOJrw,uRgJ-22S_Rs,true
r4_SS3cOJrw,iFvsrttZGXU,true
r4_SS3cOJrw,-Q0xUXo2zEY,true
r4_SS3cOJrw,11FCyUB81rI,true
r4_SS3cOJrw,VFkQSGyeCWg,true
r4_SS3cOJrw,HtM7ls1Y_BM,true
r4_SS3cOJrw,qtuvP8En0vU,true
r4_SS3cOJrw,KAJsdgTPJpU,true
r4_SS3cOJrw,2-JJhjIoBKI,true
r4_SS3cOJrw,zKTQW5i9_p8,true
r4_SS3cOJrw,ujh2ZRMY8lc,true
r4_SS3cOJrw,POHRxmKdA_A,true
r4_SS3cOJrw,RSBZMYxYyFU,true
r4_SS3cOJrw,TMrtLsQbaok,true
r4_SS3cOJrw,PumW_ZBO_iw,true
r4_SS3cOJrw,N94eP2jKQWw,true
r4_SS3cOJrw,-S14SjemfAg,true
r4_SS3cOJrw,uGlDSFrLX4A,true
r4_SS3cOJrw,43q15ncwzWo,true
r4_SS3cOJrw,8x1MJLmkANk,true
r4_SS3cOJrw,rYxt0BeTrT8,true
r4_SS3cOJrw,o3FAE4e7Pok,true
r4_SS3cOJrw,4mD2brweSpQ,true
iFvsrttZGXU,rhQVustYV24,true
iFvsrttZGXU,H2QxFM9y0tY,true
iFvsrttZGXU,icKlNgLuqzU,true
iFvsrttZGXU,ZyY8yarwI5g,true
iFvsrttZGXU,VFkQSGyeCWg,true
iFvsrttZGXU,14w8WC1I3S4,true
iFvsrttZGXU,rsNskDfd5CM,true
iFvsrttZGXU,DYqtXR8iPlE,true
iFvsrttZGXU,EAmmUIEsN9A,true
iFvsrttZGXU,CMOEcUPGi9c,true
iFvsrttZGXU,UgHNg-N-ENI,true
iFvsrttZGXU,GcAUuDwvAyw,true
iFvsrttZGXU,BQ4rBLCpEeM,true
iFvsrttZGXU,11FCyUB81rI,true
iFvsrttZGXU,n0bqG1GzlHU,true
iFvsrttZGXU,QALmsrs2tks,true
iFvsrttZGXU,-Q0xUXo2zEY,true
iFvsrttZGXU,KAJsdgTPJpU,true
iFvsrttZGXU,2ToRUiTHy5o,true
iFvsrttZGXU,U72xkMz6Pxk,true
iFvsrttZGXU,zKTQW5i9_p8,true
iFvsrttZGXU,8RGbAMS2gGg,true
iFvsrttZGXU,TMrtLsQbaok,true
iFvsrttZGXU,qWEpTok6AJo,true
iFvsrttZGXU,N94eP2jKQWw,true
iFvsrttZGXU,8x1MJLmkANk,true
iFvsrttZGXU,M0a73sP00z4,true
iFvsrttZGXU,43q15ncwzWo,true
iFvsrttZGXU,KWx44kga7gg,true
iFvsrttZGXU,-S14SjemfAg,true
iFvsrttZGXU,uGlDSFrLX4A,true
iFvsrttZGXU,QzaQz5yYJHs,true
iFvsrttZGXU,rYxt0BeTrT8,true
14w8WC1I3S4,ZyY8yarwI5g,true
14w8WC1I3S4,rhQVustYV24,true
14w8WC1I3S4,icKlNgLuqzU,true
14w8WC1I3S4,VFkQSGyeCWg,true
14w8WC1I3S4,H2QxFM9y0tY,true
14w8WC1I3S4,uRgJ-22S_Rs,true
14w8WC1I3S4,rsNskDfd5CM,true
14w8WC1I3S4,BQ4rBLCpEeM,true
14w8WC1I3S4,HtM7ls1Y_BM,true
14w8WC1I3S4,Pw8cQbo1Ilk,true
14w8WC1I3S4,2-JJhjIoBKI,true
14w8WC1I3S4,M7dVF9xylaw,true
14w8WC1I3S4,RjsLm5PCdVQ,true
14w8WC1I3S4,EAmmUIEsN9A,true
14w8WC1I3S4,KAJsdgTPJpU,true
14w8WC1I3S4,TMrtLsQbaok,true
14w8WC1I3S4,kwNWt-iaXx0,true
Pw8cQbo1Ilk,ZyY8yarwI5g,true
Pw8cQbo1Ilk,tE84D99ZsUM,true
Pw8cQbo1Ilk,rsNskDfd5CM,true
Pw8cQbo1Ilk,2-JJhjIoBKI,true
Pw8cQbo1Ilk,BQ4rBLCpEeM,true
Pw8cQbo1Ilk,VFkQSGyeCWg,true
Pw8cQbo1Ilk,H2QxFM9y0tY,true
Pw8cQbo1Ilk,14w8WC1I3S4,true
Pw8cQbo1Ilk,rhQVustYV24,true
Pw8cQbo1Ilk,jVyF1lliSLo,true
Pw8cQbo1Ilk,UgHNg-N-ENI,true
Pw8cQbo1Ilk,RjsLm5PCdVQ,true
Pw8cQbo1Ilk,uRgJ-22S_Rs,true
Pw8cQbo1Ilk,EAmmUIEsN9A,true
Pw8cQbo1Ilk,8RGbAMS2gGg,true
Pw8cQbo1Ilk,KAJsdgTPJpU,true
Pw8cQbo1Ilk,ZdyBpfYvxs4,true
Pw8cQbo1Ilk,rYxt0BeTrT8,true
1kD1zubg3cA,rsNskDfd5CM,true
1kD1zubg3cA,rhQVustYV24,true
1kD1zubg3cA,qtuvP8En0vU,true
1kD1zubg3cA,ZyY8yarwI5g,true
1kD1zubg3cA,EAmmUIEsN9A,true
1kD1zubg3cA,uRgJ-22S_Rs,true
1kD1zubg3cA,14w8WC1I3S4,true
1kD1zubg3cA,KAJsdgTPJpU,true
1kD1zubg3cA,UgHNg-N-ENI,true
1kD1zubg3cA,bWvFcR7UtAI,true
1kD1zubg3cA,BQ4rBLCpEeM,true
1kD1zubg3cA,TMrtLsQbaok,true
1kD1zubg3cA,-S14SjemfAg,true
1kD1zubg3cA,QzaQz5yYJHs,true
1kD1zubg3cA,kwNWt-iaXx0,true
rIDHrBpevrA,H2QxFM9y0tY,true
rIDHrBpevrA,ZyY8yarwI5g,true
rIDHrBpevrA,rhQVustYV24,true
rIDHrBpevrA,-Q0xUXo2zEY,true
rIDHrBpevrA,14w8WC1I3S4,true
rIDHrBpevrA,jVyF1lliSLo,true
rIDHrBpevrA,CMOEcUPGi9c,true
rIDHrBpevrA,rsNskDfd5CM,true
rIDHrBpevrA,uRgJ-22S_Rs,true
rIDHrBpevrA,BQ4rBLCpEeM,true
rIDHrBpevrA,2-JJhjIoBKI,true
rIDHrBpevrA,n0bqG1GzlHU,true
rIDHrBpevrA,VFkQSGyeCWg,true
rIDHrBpevrA,Pw8cQbo1Ilk,true
rIDHrBpevrA,GcAUuDwvAyw,true
rIDHrBpevrA,icKlNgLuqzU,true
rIDHrBpevrA,EAmmUIEsN9A,true
rIDHrBpevrA,FwY06xE24Es,true
rIDHrBpevrA,tE84D99ZsUM,true
rIDHrBpevrA,vznT5nVOZgw,true
rIDHrBpevrA,hKMX8WRw3fc,true
rIDHrBpevrA,8RGbAMS2gGg,true
rIDHrBpevrA,KAJsdgTPJpU,true
rIDHrBpevrA,2ToRUiTHy5o,true
rIDHrBpevrA,zKTQW5i9_p8,true
rIDHrBpevrA,RjsLm5PCdVQ,true
rIDHrBpevrA,uGlDSFrLX4A,true
rIDHrBpevrA,TMrtLsQbaok,true
rIDHrBpevrA,KWx44kga7gg,true
rIDHrBpevrA,8x1MJLmkANk,true
rIDHrBpevrA,-S14SjemfAg,true
rIDHrBpevrA,M0a73sP00z4,true
rIDHrBpevrA,rYxt0BeTrT8,true
rIDHrBpevrA,QzaQz5yYJHs,true
rIDHrBpevrA,KoC_1rOAFX0,true
M1o3NCPKZ4U,rhQVustYV24,true
M1o3NCPKZ4U,14w8WC1I3S4,true
M1o3NCPKZ4U,rsNskDfd5CM,true
M1o3NCPKZ4U,EAmmUIEsN9A,true
M1o3NCPKZ4U,DYqtXR8iPlE,true
M1o3NCPKZ4U,H2QxFM9y0tY,true
M1o3NCPKZ4U,n0bqG1GzlHU,true
M1o3NCPKZ4U,GcAUuDwvAyw,true
M1o3NCPKZ4U,KAJsdgTPJpU,true
M1o3NCPKZ4U,UgHNg-N-ENI,true
M1o3NCPKZ4U,VFkQSGyeCWg,true
M1o3NCPKZ4U,11FCyUB81rI,true
M1o3NCPKZ4U,uRgJ-22S_Rs,true
M1o3NCPKZ4U,BQ4rBLCpEeM,true
M1o3NCPKZ4U,TMrtLsQbaok,true
M1o3NCPKZ4U,zKTQW5i9_p8,true
M1o3NCPKZ4U,43q15ncwzWo,true
M1o3NCPKZ4U,qWEpTok6AJo,true
M1o3NCPKZ4U,8x1MJLmkANk,true
M1o3NCPKZ4U,kwNWt-iaXx0,true
M1o3NCPKZ4U,-S14SjemfAg,true
M1o3NCPKZ4U,QzaQz5yYJHs,true
M1o3NCPKZ4U,KWx44kga7gg,true
M1o3NCPKZ4U,rYxt0BeTrT8,true
M1o3NCPKZ4U,M0a73sP00z4,true
M1o3NCPKZ4U,o3FAE4e7Pok,true
RSBZMYxYyFU,H2QxFM9y0tY,true
RSBZMYxYyFU,HtM7ls1Y_BM,true
RSBZMYxYyFU,rhQVustYV24,true
RSBZMYxYyFU,ZyY8yarwI5g,true
RSBZMYxYyFU,rsNskDfd5CM,true
RSBZMYxYyFU,EAmmUIEsN9A,true
RSBZMYxYyFU,11FCyUB81rI,true
RSBZMYxYyFU,UgHNg-N-ENI,true
RSBZMYxYyFU,VFkQSGyeCWg,true
RSBZMYxYyFU,14w8WC1I3S4,true
RSBZMYxYyFU,CMOEcUPGi9c,true
RSBZMYxYyFU,BQ4rBLCpEeM,true
RSBZMYxYyFU,r4_SS3cOJrw,true
RSBZMYxYyFU,KAJsdgTPJpU,true
RSBZMYxYyFU,-S14SjemfAg,true
RSBZMYxYyFU,rYxt0BeTrT8,true
RSBZMYxYyFU,4mD2brweSpQ,true
RSBZMYxYyFU,DMbu9w4pDXE,true
UJ3Hi8a-0FQ,H2QxFM9y0tY,true
UJ3Hi8a-0FQ,rsNskDfd5CM,true
UJ3Hi8a-0FQ,ZyY8yarwI5g,true
UJ3Hi8a-0FQ,14w8WC1I3S4,true
UJ3Hi8a-0FQ,rhQVustYV24,true
UJ3Hi8a-0FQ,VFkQSGyeCWg,true
UJ3Hi8a-0FQ,UgHNg-N-ENI,true
UJ3Hi8a-0FQ,uRgJ-22S_Rs,true
UJ3Hi8a-0FQ,CMOEcUPGi9c,true
UJ3Hi8a-0FQ,EAmmUIEsN9A,true
UJ3Hi8a-0FQ,-Q0xUXo2zEY,true
UJ3Hi8a-0FQ,RjsLm5PCdVQ,true
UJ3Hi8a-0FQ,icKlNgLuqzU,true
UJ3Hi8a-0FQ,zKTQW5i9_p8,true
UJ3Hi8a-0FQ,2-JJhjIoBKI,true
UJ3Hi8a-0FQ,tE84D99ZsUM,true
UJ3Hi8a-0FQ,2ToRUiTHy5o,true
UJ3Hi8a-0FQ,BQ4rBLCpEeM,true
UJ3Hi8a-0FQ,FwY06xE24Es,true
UJ3Hi8a-0FQ,8RGbAMS2gGg,true
UJ3Hi8a-0FQ,Pw8cQbo1Ilk,true
UJ3Hi8a-0FQ,rIDHrBpevrA,true
UJ3Hi8a-0FQ,M0a73sP00z4,true
UJ3Hi8a-0FQ,TMrtLsQbaok,true
UJ3Hi8a-0FQ,8x1MJLmkANk,true
UJ3Hi8a-0FQ,uGlDSFrLX4A,true
UJ3Hi8a-0FQ,-S14SjemfAg,true
UJ3Hi8a-0FQ,KWx44kga7gg,true
UJ3Hi8a-0FQ,QzaQz5yYJHs,true
UJ3Hi8a-0FQ,rYxt0BeTrT8,true
8meLjb6XIsE,14w8WC1I3S4,true
8meLjb6XIsE,H2QxFM9y0tY,true
8meLjb6XIsE,rhQVustYV24,true
8meLjb6XIsE,VFkQSGyeCWg,true
8meLjb6XIsE,rsNskDfd5CM,true
8meLjb6XIsE,tE84D99ZsUM,true
8meLjb6XIsE,EAmmUIEsN9A,true
8meLjb6XIsE,UgHNg-N-ENI,true
8meLjb6XIsE,8RGbAMS2gGg,true
8meLjb6XIsE,FWsM9-_zrKo,true
8meLjb6XIsE,KAJsdgTPJpU,true
8meLjb6XIsE,BQ4rBLCpEeM,true
8meLjb6XIsE,rIDHrBpevrA,true
8meLjb6XIsE,F7xCSTV0muE,true
8meLjb6XIsE,-S14SjemfAg,true
8meLjb6XIsE,itAu7Uw0sn8,true
8meLjb6XIsE,kwNWt-iaXx0,true
8meLjb6XIsE,8x1MJLmkANk,true
8meLjb6XIsE,uGlDSFrLX4A,true
8meLjb6XIsE,M0a73sP00z4,true
8meLjb6XIsE,KWx44kga7gg,true
tE84D99ZsUM,rhQVustYV24,true
tE84D99ZsUM,VFkQSGyeCWg,true
tE84D99ZsUM,14w8WC1I3S4,true
tE84D99ZsUM,jVyF1lliSLo,true
tE84D99ZsUM,H2QxFM9y0tY,true
tE84D99ZsUM,Pw8cQbo1Ilk,true
tE84D99ZsUM,rsNskDfd5CM,true
tE84D99ZsUM,2-JJhjIoBKI,true
tE84D99ZsUM,EAmmUIEsN9A,true
tE84D99ZsUM,UgHNg-N-ENI,true
tE84D99ZsUM,BQ4rBLCpEeM,true
tE84D99ZsUM,rIDHrBpevrA,true
tE84D99ZsUM,zKTQW5i9_p8,true
tE84D99ZsUM,KAJsdgTPJpU,true
tE84D99ZsUM,8RGbAMS2gGg,true
tE84D99ZsUM,M0a73sP00z4,true
tE84D99ZsUM,KWx44kga7gg,true
tE84D99ZsUM,-S14SjemfAg,true
tE84D99ZsUM,QzaQz5yYJHs,true
QALmsrs2tks,rhQVustYV24,true
QALmsrs2tks,H2QxFM9y0tY,true
QALmsrs2tks,iFvsrttZGXU,true
QALmsrs2tks,ZyY8yarwI5g,true
QALmsrs2tks,14w8WC1I3S4,true
QALmsrs2tks,icKlNgLuqzU,true
QALmsrs2tks,UgHNg-N-ENI,true
QALmsrs2tks,rsNskDfd5CM,true
QALmsrs2tks,VFkQSGyeCWg,true
QALmsrs2tks,EAmmUIEsN9A,true
QALmsrs2tks,GcAUuDwvAyw,true
QALmsrs2tks,-Q0xUXo2zEY,true
QALmsrs2tks,DYqtXR8iPlE,true
QALmsrs2tks,CMOEcUPGi9c,true
QALmsrs2tks,BQ4rBLCpEeM,true
QALmsrs2tks,6otj9QWBnfs,true
QALmsrs2tks,vznT5nVOZgw,true
QALmsrs2tks,RjsLm5PCdVQ,true
QALmsrs2tks,KAJsdgTPJpU,true
QALmsrs2tks,2ToRUiTHy5o,true
QALmsrs2tks,U72xkMz6Pxk,true
QALmsrs2tks,8RGbAMS2gGg,true
QALmsrs2tks,rIDHrBpevrA,true
QALmsrs2tks,qWEpTok6AJo,true
QALmsrs2tks,TMrtLsQbaok,true
QALmsrs2tks,uGlDSFrLX4A,true
QALmsrs2tks,KWx44kga7gg,true
QALmsrs2tks,8x1MJLmkANk,true
QALmsrs2tks,43q15ncwzWo,true
QALmsrs2tks,M0a73sP00z4,true
QALmsrs2tks,-S14SjemfAg,true
QALmsrs2tks,QzaQz5yYJHs,true
QALmsrs2tks,rYxt0BeTrT8,true
e928xTEVmks,rsNskDfd5CM,true
e928xTEVmks,rhQVustYV24,true
e928xTEVmks,H2QxFM9y0tY,true
e928xTEVmks,HtM7ls1Y_BM,true
e928xTEVmks,ZyY8yarwI5g,true
e928xTEVmks,UgHNg-N-ENI,true
e928xTEVmks,uRgJ-22S_Rs,true
e928xTEVmks,11FCyUB81rI,true
e928xTEVmks,EAmmUIEsN9A,true
e928xTEVmks,r4_SS3cOJrw,true
e928xTEVmks,KAJsdgTPJpU,true
e928xTEVmks,14w8WC1I3S4,true
e928xTEVmks,RSBZMYxYyFU,true
e928xTEVmks,BQ4rBLCpEeM,true
e928xTEVmks,POHRxmKdA_A,true
e928xTEVmks,PumW_ZBO_iw,true
e928xTEVmks,KWx44kga7gg,true
e928xTEVmks,-S14SjemfAg,true
e928xTEVmks,uGlDSFrLX4A,true
e928xTEVmks,N94eP2jKQWw,true
e928xTEVmks,rYxt0BeTrT8,true
e928xTEVmks,4mD2brweSpQ,true
6otj9QWBnfs,rhQVustYV24,true
6otj9QWBnfs,ZyY8yarwI5g,true
6otj9QWBnfs,14w8WC1I3S4,true
6otj9QWBnfs,EAmmUIEsN9A,true
6otj9QWBnfs,-Q0xUXo2zEY,true
6otj9QWBnfs,icKlNgLuqzU,true
6otj9QWBnfs,iFvsrttZGXU,true
6otj9QWBnfs,UgHNg-N-ENI,true
6otj9QWBnfs,GcAUuDwvAyw,true
6otj9QWBnfs,VFkQSGyeCWg,true
6otj9QWBnfs,QALmsrs2tks,true
6otj9QWBnfs,CMOEcUPGi9c,true
6otj9QWBnfs,BQ4rBLCpEeM,true
6otj9QWBnfs,vznT5nVOZgw,true
6otj9QWBnfs,jVyF1lliSLo,true
6otj9QWBnfs,U72xkMz6Pxk,true
6otj9QWBnfs,2ToRUiTHy5o,true
6otj9QWBnfs,8RGbAMS2gGg,true
6otj9QWBnfs,rIDHrBpevrA,true
6otj9QWBnfs,8x1MJLmkANk,true
6otj9QWBnfs,KWx44kga7gg,true
6otj9QWBnfs,uGlDSFrLX4A,true
6otj9QWBnfs,M0a73sP00z4,true
6otj9QWBnfs,QzaQz5yYJHs,true
6otj9QWBnfs,rYxt0BeTrT8,true
vznT5nVOZgw,H2QxFM9y0tY,true
vznT5nVOZgw,rhQVustYV24,true
vznT5nVOZgw,14w8WC1I3S4,true
vznT5nVOZgw,icKlNgLuqzU,true
vznT5nVOZgw,jVyF1lliSLo,true
vznT5nVOZgw,ZyY8yarwI5g,true
vznT5nVOZgw,EAmmUIEsN9A,true
vznT5nVOZgw,GcAUuDwvAyw,true
vznT5nVOZgw,VFkQSGyeCWg,true
vznT5nVOZgw,BQ4rBLCpEeM,true
vznT5nVOZgw,iFvsrttZGXU,true
vznT5nVOZgw,6otj9QWBnfs,true
vznT5nVOZgw,QALmsrs2tks,true
vznT5nVOZgw,CMOEcUPGi9c,true
vznT5nVOZgw,UgHNg-N-ENI,true
vznT5nVOZgw,RjsLm5PCdVQ,true
vznT5nVOZgw,U72xkMz6Pxk,true
vznT5nVOZgw,2ToRUiTHy5o,true
vznT5nVOZgw,2-JJhjIoBKI,true
vznT5nVOZgw,zKTQW5i9_p8,true
vznT5nVOZgw,KAJsdgTPJpU,true
vznT5nVOZgw,qWEpTok6AJo,true
vznT5nVOZgw,rIDHrBpevrA,true
vznT5nVOZgw,uGlDSFrLX4A,true
vznT5nVOZgw,-S14SjemfAg,true
vznT5nVOZgw,TMrtLsQbaok,true
vznT5nVOZgw,8x1MJLmkANk,true
vznT5nVOZgw,rYxt0BeTrT8,true
vznT5nVOZgw,43q15ncwzWo,true
vznT5nVOZgw,KWx44kga7gg,true
vznT5nVOZgw,M0a73sP00z4,true
vznT5nVOZgw,QzaQz5yYJHs,true
qtuvP8En0vU,rhQVustYV24,true
qtuvP8En0vU,rsNskDfd5CM,true
qtuvP8En0vU,ZyY8yarwI5g,true
qtuvP8En0vU,H2QxFM9y0tY,true
qtuvP8En0vU,1kD1zubg3cA,true
qtuvP8En0vU,EAmmUIEsN9A,true
qtuvP8En0vU,UgHNg-N-ENI,true
qtuvP8En0vU,14w8WC1I3S4,true
qtuvP8En0vU,DYqtXR8iPlE,true
qtuvP8En0vU,BQ4rBLCpEeM,true
qtuvP8En0vU,KAJsdgTPJpU,true
qtuvP8En0vU,8RGbAMS2gGg,true
qtuvP8En0vU,KWx44kga7gg,true
qtuvP8En0vU,8x1MJLmkANk,true
qtuvP8En0vU,-S14SjemfAg,true
qtuvP8En0vU,TMrtLsQbaok,true
qtuvP8En0vU,QzaQz5yYJHs,true
qtuvP8En0vU,kwNWt-iaXx0,true
qtuvP8En0vU,rYxt0BeTrT8,true
VDBJMqZ6lWI,rsNskDfd5CM,true
VDBJMqZ6lWI,EAmmUIEsN9A,true
VDBJMqZ6lWI,rhQVustYV24,true
VDBJMqZ6lWI,VFkQSGyeCWg,true
VDBJMqZ6lWI,uRgJ-22S_Rs,true
VDBJMqZ6lWI,H2QxFM9y0tY,true
VDBJMqZ6lWI,ZyY8yarwI5g,true
VDBJMqZ6lWI,M7dVF9xylaw,true
VDBJMqZ6lWI,-Q0xUXo2zEY,true
VDBJMqZ6lWI,RjsLm5PCdVQ,true
VDBJMqZ6lWI,UgHNg-N-ENI,true
VDBJMqZ6lWI,Pw8cQbo1Ilk,true
VDBJMqZ6lWI,hKMX8WRw3fc,true
VDBJMqZ6lWI,BQ4rBLCpEeM,true
VDBJMqZ6lWI,FwY06xE24Es,true
VDBJMqZ6lWI,ZdyBpfYvxs4,true
VDBJMqZ6lWI,KAJsdgTPJpU,true
VDBJMqZ6lWI,kwNWt-iaXx0,true
VDBJMqZ6lWI,KWx44kga7gg,true
VDBJMqZ6lWI,uGlDSFrLX4A,true
VDBJMqZ6lWI,M0a73sP00z4,true
VDBJMqZ6lWI,TMrtLsQbaok,true
GcAUuDwvAyw,rhQVustYV24,true
GcAUuDwvAyw,ZyY8yarwI5g,true
GcAUuDwvAyw,14w8WC1I3S4,true
GcAUuDwvAyw,H2QxFM9y0tY,true
GcAUuDwvAyw,icKlNgLuqzU,true
GcAUuDwvAyw,HtM7ls1Y_BM,true
GcAUuDwvAyw,BQ4rBLCpEeM,true
GcAUuDwvAyw,rsNskDfd5CM,true
GcAUuDwvAyw,-Q0xUXo2zEY,true
GcAUuDwvAyw,Pw8cQbo1Ilk,true
GcAUuDwvAyw,CMOEcUPGi9c,true
GcAUuDwvAyw,2-JJhjIoBKI,true
GcAUuDwvAyw,DYqtXR8iPlE,true
GcAUuDwvAyw,U72xkMz6Pxk,true
GcAUuDwvAyw,iFvsrttZGXU,true
GcAUuDwvAyw,VFkQSGyeCWg,true
GcAUuDwvAyw,UgHNg-N-ENI,true
GcAUuDwvAyw,EAmmUIEsN9A,true
GcAUuDwvAyw,8RGbAMS2gGg,true
GcAUuDwvAyw,6otj9QWBnfs,true
GcAUuDwvAyw,QALmsrs2tks,true
GcAUuDwvAyw,FwY06xE24Es,true
GcAUuDwvAyw,hKMX8WRw3fc,true
GcAUuDwvAyw,2ToRUiTHy5o,true
GcAUuDwvAyw,rIDHrBpevrA,true
GcAUuDwvAyw,TMrtLsQbaok,true
GcAUuDwvAyw,uGlDSFrLX4A,true
GcAUuDwvAyw,KWx44kga7gg,true
GcAUuDwvAyw,M0a73sP00z4,true
GcAUuDwvAyw,QzaQz5yYJHs,true
PumW_ZBO_iw,rsNskDfd5CM,true
PumW_ZBO_iw,rhQVustYV24,true
PumW_ZBO_iw,UgHNg-N-ENI,true
PumW_ZBO_iw,H2QxFM9y0tY,true
PumW_ZBO_iw,ZyY8yarwI5g,true
PumW_ZBO_iw,EAmmUIEsN9A,true
PumW_ZBO_iw,r4_SS3cOJrw,true
PumW_ZBO_iw,2-JJhjIoBKI,true
PumW_ZBO_iw,8Q6OuvySSOc,true
PumW_ZBO_iw,uRgJ-22S_Rs,true
PumW_ZBO_iw,KAJsdgTPJpU,true
PumW_ZBO_iw,14w8WC1I3S4,true
PumW_ZBO_iw,BQ4rBLCpEeM,true
PumW_ZBO_iw,8RGbAMS2gGg,true
PumW_ZBO_iw,POHRxmKdA_A,true
PumW_ZBO_iw,8x1MJLmkANk,true
PumW_ZBO_iw,uGlDSFrLX4A,true
PumW_ZBO_iw,rYxt0BeTrT8,true
PumW_ZBO_iw,-S14SjemfAg,true
PumW_ZBO_iw,TMrtLsQbaok,true
PumW_ZBO_iw,QzaQz5yYJHs,true
PumW_ZBO_iw,KWx44kga7gg,true
PumW_ZBO_iw,o3FAE4e7Pok,true
PumW_ZBO_iw,4mD2brweSpQ,true
Ae1mUb5EZn0,rhQVustYV24,true
Ae1mUb5EZn0,14w8WC1I3S4,true
Ae1mUb5EZn0,icKlNgLuqzU,true
Ae1mUb5EZn0,H2QxFM9y0tY,true
Ae1mUb5EZn0,UgHNg-N-ENI,true
Ae1mUb5EZn0,rsNskDfd5CM,true
Ae1mUb5EZn0,U72xkMz6Pxk,true
Ae1mUb5EZn0,GcAUuDwvAyw,true
Ae1mUb5EZn0,6otj9QWBnfs,true
Ae1mUb5EZn0,VFkQSGyeCWg,true
Ae1mUb5EZn0,QALmsrs2tks,true
Ae1mUb5EZn0,n0bqG1GzlHU,true
Ae1mUb5EZn0,iFvsrttZGXU,true
Ae1mUb5EZn0,RjsLm5PCdVQ,true
Ae1mUb5EZn0,2ToRUiTHy5o,true
Ae1mUb5EZn0,vznT5nVOZgw,true
Ae1mUb5EZn0,BQ4rBLCpEeM,true
Ae1mUb5EZn0,CMOEcUPGi9c,true
Ae1mUb5EZn0,KAJsdgTPJpU,true
Ae1mUb5EZn0,rIDHrBpevrA,true
Ae1mUb5EZn0,8RGbAMS2gGg,true
Ae1mUb5EZn0,uGlDSFrLX4A,true
Ae1mUb5EZn0,qWEpTok6AJo,true
Ae1mUb5EZn0,KWx44kga7gg,true
Ae1mUb5EZn0,-S14SjemfAg,true
Ae1mUb5EZn0,TMrtLsQbaok,true
Ae1mUb5EZn0,8x1MJLmkANk,true
Ae1mUb5EZn0,43q15ncwzWo,true
Ae1mUb5EZn0,QzaQz5yYJHs,true
Ae1mUb5EZn0,o3FAE4e7Pok,true
Ae1mUb5EZn0,M0a73sP00z4,true
ZdyBpfYvxs4,2-g2wC3-tak,true
ZdyBpfYvxs4,H2QxFM9y0tY,true
ZdyBpfYvxs4,rhQVustYV24,true
ZdyBpfYvxs4,icKlNgLuqzU,true
ZdyBpfYvxs4,EAmmUIEsN9A,true
ZdyBpfYvxs4,ZyY8yarwI5g,true
ZdyBpfYvxs4,rsNskDfd5CM,true
ZdyBpfYvxs4,uRgJ-22S_Rs,true
ZdyBpfYvxs4,-Q0xUXo2zEY,true
ZdyBpfYvxs4,n0bqG1GzlHU,true
ZdyBpfYvxs4,BQ4rBLCpEeM,true
ZdyBpfYvxs4,UgHNg-N-ENI,true
ZdyBpfYvxs4,iFvsrttZGXU,true
ZdyBpfYvxs4,VFkQSGyeCWg,true
ZdyBpfYvxs4,11FCyUB81rI,true
ZdyBpfYvxs4,r4_SS3cOJrw,true
ZdyBpfYvxs4,14w8WC1I3S4,true
ZdyBpfYvxs4,2-JJhjIoBKI,true
ZdyBpfYvxs4,KAJsdgTPJpU,true
ZdyBpfYvxs4,2ToRUiTHy5o,true
ZdyBpfYvxs4,zKTQW5i9_p8,true
ZdyBpfYvxs4,8RGbAMS2gGg,true
ZdyBpfYvxs4,KWx44kga7gg,true
ZdyBpfYvxs4,8x1MJLmkANk,true
ZdyBpfYvxs4,uGlDSFrLX4A,true
ZdyBpfYvxs4,QzaQz5yYJHs,true
ZdyBpfYvxs4,kwNWt-iaXx0,true
ZdyBpfYvxs4,rYxt0BeTrT8,true
bWvFcR7UtAI,rsNskDfd5CM,true
bWvFcR7UtAI,rhQVustYV24,true
bWvFcR7UtAI,UgHNg-N-ENI,true
bWvFcR7UtAI,EAmmUIEsN9A,true
bWvFcR7UtAI,1kD1zubg3cA,true
bWvFcR7UtAI,KAJsdgTPJpU,true
bWvFcR7UtAI,Pw8cQbo1Ilk,true
bWvFcR7UtAI,BQ4rBLCpEeM,true
bWvFcR7UtAI,-S14SjemfAg,true
bWvFcR7UtAI,TMrtLsQbaok,true
bWvFcR7UtAI,QzaQz5yYJHs,true
bWvFcR7UtAI,kwNWt-iaXx0,true
jVyF1lliSLo,H2QxFM9y0tY,true
jVyF1lliSLo,HtM7ls1Y_BM,true
jVyF1lliSLo,rhQVustYV24,true
jVyF1lliSLo,rsNskDfd5CM,true
jVyF1lliSLo,Pw8cQbo1Ilk,true
jVyF1lliSLo,tE84D99ZsUM,true
jVyF1lliSLo,CMOEcUPGi9c,true
jVyF1lliSLo,icKlNgLuqzU,true
jVyF1lliSLo,uRgJ-22S_Rs,true
jVyF1lliSLo,VFkQSGyeCWg,true
jVyF1lliSLo,14w8WC1I3S4,true
jVyF1lliSLo,BQ4rBLCpEeM,true
jVyF1lliSLo,GcAUuDwvAyw,true
jVyF1lliSLo,2-JJhjIoBKI,true
jVyF1lliSLo,EAmmUIEsN9A,true
jVyF1lliSLo,FwY06xE24Es,true
jVyF1lliSLo,vznT5nVOZgw,true
jVyF1lliSLo,rIDHrBpevrA,true
jVyF1lliSLo,8RGbAMS2gGg,true
jVyF1lliSLo,2ToRUiTHy5o,true
jVyF1lliSLo,uGlDSFrLX4A,true
jVyF1lliSLo,KWx44kga7gg,true
jVyF1lliSLo,M0a73sP00z4,true
jVyF1lliSLo,-S14SjemfAg,true
jVyF1lliSLo,8x1MJLmkANk,true
jVyF1lliSLo,TMrtLsQbaok,true
jVyF1lliSLo,QzaQz5yYJHs,true
jVyF1lliSLo,rYxt0BeTrT8,true
8x1MJLmkANk,rhQVustYV24,true
8x1MJLmkANk,14w8WC1I3S4,true
8x1MJLmkANk,H2QxFM9y0tY,true
8x1MJLmkANk,VFkQSGyeCWg,true
8x1MJLmkANk,rsNskDfd5CM,true
8x1MJLmkANk,UgHNg-N-ENI,true
8x1MJLmkANk,EAmmUIEsN9A,true
8x1MJLmkANk,KAJsdgTPJpU,true
8x1MJLmkANk,2-JJhjIoBKI,true
8x1MJLmkANk,CMOEcUPGi9c,true
8x1MJLmkANk,r4_SS3cOJrw,true
8x1MJLmkANk,BQ4rBLCpEeM,true
8x1MJLmkANk,zKTQW5i9_p8,true
8x1MJLmkANk,U72xkMz6Pxk,true
8x1MJLmkANk,8RGbAMS2gGg,true
8x1MJLmkANk,qWEpTok6AJo,true
8x1MJLmkANk,QzaQz5yYJHs,true
8x1MJLmkANk,KWx44kga7gg,true
8x1MJLmkANk,-S14SjemfAg,true
8x1MJLmkANk,M0a73sP00z4,true
8x1MJLmkANk,kwNWt-iaXx0,true
ZyY8yarwI5g,uRgJ-22S_Rs,true
ZyY8yarwI5g,H2QxFM9y0tY,true
ZyY8yarwI5g,rhQVustYV24,true
ZyY8yarwI5g,rsNskDfd5CM,true
ZyY8yarwI5g,M7dVF9xylaw,true
ZyY8yarwI5g,Pw8cQbo1Ilk,true
ZyY8yarwI5g,14w8WC1I3S4,true
ZyY8yarwI5g,-Q0xUXo2zEY,true
ZyY8yarwI5g,EAmmUIEsN9A,true
ZyY8yarwI5g,hKMX8WRw3fc,true
ZyY8yarwI5g,FwY06xE24Es,true
ZyY8yarwI5g,uGlDSFrLX4A,true
7YrTjyBDzlU,ZyY8yarwI5g,true
7YrTjyBDzlU,rsNskDfd5CM,true
7YrTjyBDzlU,uRgJ-22S_Rs,true
7YrTjyBDzlU,KAJsdgTPJpU,true
7YrTjyBDzlU,8RGbAMS2gGg,true
7YrTjyBDzlU,KWx44kga7gg,true
7YrTjyBDzlU,uGlDSFrLX4A,true
HtM7ls1Y_BM,rhQVustYV24,true
HtM7ls1Y_BM,14w8WC1I3S4,true
HtM7ls1Y_BM,rsNskDfd5CM,true
HtM7ls1Y_BM,H2QxFM9y0tY,true
HtM7ls1Y_BM,UgHNg-N-ENI,true
HtM7ls1Y_BM,r4_SS3cOJrw,true
HtM7ls1Y_BM,RSBZMYxYyFU,true
HtM7ls1Y_BM,BQ4rBLCpEeM,true
HtM7ls1Y_BM,tE84D99ZsUM,true
HtM7ls1Y_BM,KAJsdgTPJpU,true
HtM7ls1Y_BM,8RGbAMS2gGg,true
HtM7ls1Y_BM,-S14SjemfAg,true
HtM7ls1Y_BM,KWx44kga7gg,true
HtM7ls1Y_BM,rYxt0BeTrT8,true
HtM7ls1Y_BM,DMbu9w4pDXE,true
hKMX8WRw3fc,H2QxFM9y0tY,true
hKMX8WRw3fc,ZyY8yarwI5g,true
hKMX8WRw3fc,rhQVustYV24,true
hKMX8WRw3fc,EAmmUIEsN9A,true
hKMX8WRw3fc,VFkQSGyeCWg,true
hKMX8WRw3fc,rsNskDfd5CM,true
hKMX8WRw3fc,uRgJ-22S_Rs,true
hKMX8WRw3fc,M7dVF9xylaw,true
hKMX8WRw3fc,14w8WC1I3S4,true
hKMX8WRw3fc,KAJsdgTPJpU,true
hKMX8WRw3fc,RjsLm5PCdVQ,true
DMbu9w4pDXE,rhQVustYV24,true
DMbu9w4pDXE,HtM7ls1Y_BM,true
DMbu9w4pDXE,H2QxFM9y0tY,true
DMbu9w4pDXE,rsNskDfd5CM,true
DMbu9w4pDXE,ZyY8yarwI5g,true
DMbu9w4pDXE,EAmmUIEsN9A,true
DMbu9w4pDXE,14w8WC1I3S4,true
DMbu9w4pDXE,uRgJ-22S_Rs,true
DMbu9w4pDXE,UgHNg-N-ENI,true
DMbu9w4pDXE,11FCyUB81rI,true
DMbu9w4pDXE,BQ4rBLCpEeM,true
DMbu9w4pDXE,KAJsdgTPJpU,true
DMbu9w4pDXE,RSBZMYxYyFU,true
DMbu9w4pDXE,8RGbAMS2gGg,true
DMbu9w4pDXE,ZdyBpfYvxs4,true
DMbu9w4pDXE,TMrtLsQbaok,true
DMbu9w4pDXE,-S14SjemfAg,true
DMbu9w4pDXE,rYxt0BeTrT8,true
FwY06xE24Es,H2QxFM9y0tY,true
FwY06xE24Es,ZyY8yarwI5g,true
FwY06xE24Es,rhQVustYV24,true
FwY06xE24Es,uRgJ-22S_Rs,true
FwY06xE24Es,EAmmUIEsN9A,true
FwY06xE24Es,VFkQSGyeCWg,true
FwY06xE24Es,rsNskDfd5CM,true
FwY06xE24Es,14w8WC1I3S4,true
FwY06xE24Es,VDBJMqZ6lWI,true
FwY06xE24Es,M7dVF9xylaw,true
FwY06xE24Es,RjsLm5PCdVQ,true
FwY06xE24Es,U72xkMz6Pxk,true
FwY06xE24Es,GcAUuDwvAyw,true
FwY06xE24Es,2-JJhjIoBKI,true
FwY06xE24Es,BQ4rBLCpEeM,true
FwY06xE24Es,2ToRUiTHy5o,true
FwY06xE24Es,hKMX8WRw3fc,true
FwY06xE24Es,KAJsdgTPJpU,true
FwY06xE24Es,8RGbAMS2gGg,true
FwY06xE24Es,rIDHrBpevrA,true
FwY06xE24Es,uGlDSFrLX4A,true
FwY06xE24Es,KWx44kga7gg,true
FwY06xE24Es,M0a73sP00z4,true
